timestamp,temperatura,humedad,gas,estado_alerta
"05-06-2026, 4:57:06 p. m.",17.54,66.69,1233,normal

timestamp,temperatura,humedad,gas,estado_alerta
"05-06-2026, 4:57:09 p. m.",17.5,66.81,1265,normal

timestamp,temperatura,humedad,gas,estado_alerta
"05-06-2026, 4:57:12 p. m.",17.51,66.84,1264,normal

timestamp,temperatura,humedad,gas,estado_alerta
"05-06-2026, 4:57:15 p. m.",17.53,66.8,1231,normal

timestamp,temperatura,humedad,gas,estado_alerta
"05-06-2026, 4:57:18 p. m.",17.53,66.7,1254,normal

timestamp,temperatura,humedad,gas,estado_alerta
"05-06-2026, 4:57:21 p. m.",17.55,66.65,1267,normal

timestamp,temperatura,humedad,gas,estado_alerta
"05-06-2026, 4:57:24 p. m.",17.54,66.55,1168,normal

timestamp,temperatura,humedad,gas,estado_alerta
"05-06-2026, 4:57:27 p. m.",17.53,66.44,1252,normal

timestamp,temperatura,humedad,gas,estado_alerta
"05-06-2026, 4:57:30 p. m.",17.54,66.3,1153,normal

timestamp,temperatura,humedad,gas,estado_alerta
"05-06-2026, 4:57:33 p. m.",17.54,66.2,1266,normal

timestamp,temperatura,humedad,gas,estado_alerta
"05-06-2026, 4:57:36 p. m.",17.55,66.1,1242,normal

timestamp,temperatura,humedad,gas,estado_alerta
"05-06-2026, 4:57:39 p. m.",17.55,65.96,1258,normal

timestamp,temperatura,humedad,gas,estado_alerta
"05-06-2026, 4:57:42 p. m.",17.57,65.88,1279,normal

timestamp,temperatura,humedad,gas,estado_alerta
"05-06-2026, 4:57:45 p. m.",17.57,65.91,1263,normal

timestamp,temperatura,humedad,gas,estado_alerta
"05-06-2026, 4:57:48 p. m.",17.55,66.02,1276,normal

timestamp,temperatura,humedad,gas,estado_alerta
"05-06-2026, 4:57:51 p. m.",17.57,65.97,1310,normal

timestamp,temperatura,humedad,gas,estado_alerta
"05-06-2026, 4:57:54 p. m.",17.59,65.86,1280,normal

timestamp,temperatura,humedad,gas,estado_alerta
"05-06-2026, 4:57:57 p. m.",17.57,65.74,1278,normal

timestamp,temperatura,humedad,gas,estado_alerta
"05-06-2026, 4:58:00 p. m.",17.59,65.71,1170,normal

timestamp,temperatura,humedad,gas,estado_alerta
"05-06-2026, 4:58:03 p. m.",17.61,65.67,1262,normal

timestamp,temperatura,humedad,gas,estado_alerta
"05-06-2026, 4:58:06 p. m.",17.59,65.66,1274,normal

timestamp,temperatura,humedad,gas,estado_alerta
"05-06-2026, 4:58:09 p. m.",17.59,65.75,1261,normal

timestamp,temperatura,humedad,gas,estado_alerta
"05-06-2026, 4:58:12 p. m.",17.6,65.79,1274,normal

timestamp,temperatura,humedad,gas,estado_alerta
"05-06-2026, 4:58:15 p. m.",17.61,65.82,1285,normal

timestamp,temperatura,humedad,gas,estado_alerta
"05-06-2026, 4:58:18 p. m.",17.63,65.77,1238,normal

timestamp,temperatura,humedad,gas,estado_alerta
"05-06-2026, 4:58:21 p. m.",17.6,65.72,1251,normal

timestamp,temperatura,humedad,gas,estado_alerta
"05-06-2026, 4:58:24 p. m.",17.61,65.75,1267,normal

timestamp,temperatura,humedad,gas,estado_alerta
"05-06-2026, 4:58:27 p. m.",17.63,65.85,1253,normal

timestamp,temperatura,humedad,gas,estado_alerta
"05-06-2026, 4:58:30 p. m.",17.63,65.84,1203,normal

timestamp,temperatura,humedad,gas,estado_alerta
"05-06-2026, 4:58:33 p. m.",17.63,65.83,1275,normal

timestamp,temperatura,humedad,gas,estado_alerta
"05-06-2026, 4:58:36 p. m.",17.63,65.77,1323,normal

timestamp,temperatura,humedad,gas,estado_alerta
"05-06-2026, 4:58:39 p. m.",17.64,65.68,1238,normal

timestamp,temperatura,humedad,gas,estado_alerta
"05-06-2026, 4:58:42 p. m.",17.66,65.63,1266,normal

timestamp,temperatura,humedad,gas,estado_alerta
"05-06-2026, 4:58:45 p. m.",17.64,65.53,1305,normal

timestamp,temperatura,humedad,gas,estado_alerta
"05-06-2026, 4:58:48 p. m.",17.64,65.47,1257,normal

timestamp,temperatura,humedad,gas,estado_alerta
"05-06-2026, 4:58:51 p. m.",17.66,65.35,1276,normal

timestamp,temperatura,humedad,gas,estado_alerta
"05-06-2026, 4:58:54 p. m.",17.66,65.23,1263,normal

timestamp,temperatura,humedad,gas,estado_alerta
"05-06-2026, 4:58:57 p. m.",17.63,65.17,1192,normal

timestamp,temperatura,humedad,gas,estado_alerta
"05-06-2026, 4:59:00 p. m.",17.67,65.14,1285,normal

timestamp,temperatura,humedad,gas,estado_alerta
"05-06-2026, 4:59:03 p. m.",17.69,65.2,1253,normal

timestamp,temperatura,humedad,gas,estado_alerta
"05-06-2026, 4:59:06 p. m.",17.69,65.3,1309,normal

timestamp,temperatura,humedad,gas,estado_alerta
"05-06-2026, 4:59:09 p. m.",17.67,65.49,1271,normal

timestamp,temperatura,humedad,gas,estado_alerta
"05-06-2026, 4:59:12 p. m.",17.67,65.88,1200,normal

timestamp,temperatura,humedad,gas,estado_alerta
"05-06-2026, 4:59:15 p. m.",17.69,66.09,1286,normal

timestamp,temperatura,humedad,gas,estado_alerta
"05-06-2026, 4:59:18 p. m.",17.69,66.19,1280,normal

timestamp,temperatura,humedad,gas,estado_alerta
"05-06-2026, 4:59:21 p. m.",17.69,66.28,1190,normal

timestamp,temperatura,humedad,gas,estado_alerta
"05-06-2026, 4:59:24 p. m.",17.69,66.37,1282,normal

timestamp,temperatura,humedad,gas,estado_alerta
"05-06-2026, 4:59:27 p. m.",17.69,66.4,1294,normal

timestamp,temperatura,humedad,gas,estado_alerta
"05-06-2026, 4:59:30 p. m.",17.71,66.56,1199,normal

timestamp,temperatura,humedad,gas,estado_alerta
"05-06-2026, 4:59:33 p. m.",17.71,66.71,1327,normal

timestamp,temperatura,humedad,gas,estado_alerta
"05-06-2026, 4:59:36 p. m.",17.71,66.84,1303,normal

timestamp,temperatura,humedad,gas,estado_alerta
"05-06-2026, 4:59:39 p. m.",17.73,66.93,1168,normal

timestamp,temperatura,humedad,gas,estado_alerta
"05-06-2026, 4:59:42 p. m.",17.73,66.95,1296,normal

timestamp,temperatura,humedad,gas,estado_alerta
"05-06-2026, 4:59:45 p. m.",17.71,66.83,1302,normal

timestamp,temperatura,humedad,gas,estado_alerta
"05-06-2026, 4:59:49 p. m.",17.73,66.72,1291,normal

timestamp,temperatura,humedad,gas,estado_alerta
"05-06-2026, 4:59:51 p. m.",17.74,66.4,1178,normal

timestamp,temperatura,humedad,gas,estado_alerta
"05-06-2026, 4:59:54 p. m.",17.74,66.23,1281,normal

timestamp,temperatura,humedad,gas,estado_alerta
"05-06-2026, 4:59:57 p. m.",17.74,66.04,1268,normal

timestamp,temperatura,humedad,gas,estado_alerta
"05-06-2026, 5:00:00 p. m.",17.75,65.95,1296,normal

timestamp,temperatura,humedad,gas,estado_alerta
"05-06-2026, 5:00:03 p. m.",17.74,65.83,1323,normal

timestamp,temperatura,humedad,gas,estado_alerta
"05-06-2026, 5:02:23 p. m.",17.89,65.02,1403,normal

timestamp,temperatura,humedad,gas,estado_alerta
"05-06-2026, 5:02:26 p. m.",17.91,65.02,1440,normal

timestamp,temperatura,humedad,gas,estado_alerta
"05-06-2026, 5:02:29 p. m.",17.89,64.92,1392,normal

timestamp,temperatura,humedad,gas,estado_alerta
"05-06-2026, 5:02:32 p. m.",17.91,64.97,1361,normal

timestamp,temperatura,humedad,gas,estado_alerta
"05-06-2026, 5:02:35 p. m.",17.89,65.02,1280,normal

timestamp,temperatura,humedad,gas,estado_alerta
"05-06-2026, 5:02:38 p. m.",17.91,65.04,1369,normal

timestamp,temperatura,humedad,gas,estado_alerta
"05-06-2026, 5:02:41 p. m.",17.92,65.1,1359,normal

timestamp,temperatura,humedad,gas,estado_alerta
"05-06-2026, 5:02:44 p. m.",17.89,65.1,1333,normal

timestamp,temperatura,humedad,gas,estado_alerta
"05-06-2026, 5:02:47 p. m.",17.94,65.1,1360,normal

timestamp,temperatura,humedad,gas,estado_alerta
"05-06-2026, 5:02:50 p. m.",17.91,65.03,1369,normal

timestamp,temperatura,humedad,gas,estado_alerta
"05-06-2026, 5:02:53 p. m.",17.91,64.99,1240,normal

timestamp,temperatura,humedad,gas,estado_alerta
"05-06-2026, 5:02:56 p. m.",17.92,65.03,1385,normal

timestamp,temperatura,humedad,gas,estado_alerta
"05-06-2026, 5:02:59 p. m.",17.91,65.11,1326,normal

timestamp,temperatura,humedad,gas,estado_alerta
"05-06-2026, 5:03:02 p. m.",17.94,65.13,1328,normal

timestamp,temperatura,humedad,gas,estado_alerta
"05-06-2026, 5:03:05 p. m.",17.94,65.11,1393,normal

timestamp,temperatura,humedad,gas,estado_alerta
"05-06-2026, 5:03:08 p. m.",17.92,65.15,1293,normal

timestamp,temperatura,humedad,gas,estado_alerta
"05-06-2026, 5:03:11 p. m.",17.94,65.1,1343,normal

timestamp,temperatura,humedad,gas,estado_alerta
"05-06-2026, 5:03:14 p. m.",17.92,65.01,1347,normal

timestamp,temperatura,humedad,gas,estado_alerta
"05-06-2026, 5:03:17 p. m.",17.95,64.9,1333,normal

timestamp,temperatura,humedad,gas,estado_alerta
"05-06-2026, 5:03:20 p. m.",17.95,64.8,1243,normal

timestamp,temperatura,humedad,gas,estado_alerta
"05-06-2026, 5:03:23 p. m.",17.94,64.7,1228,normal

timestamp,temperatura,humedad,gas,estado_alerta
"05-06-2026, 5:03:26 p. m.",17.95,64.61,1331,normal

timestamp,temperatura,humedad,gas,estado_alerta
"05-06-2026, 5:03:29 p. m.",17.94,64.57,1330,normal

timestamp,temperatura,humedad,gas,estado_alerta
"05-06-2026, 5:03:32 p. m.",17.94,64.58,1318,normal

timestamp,temperatura,humedad,gas,estado_alerta
"05-06-2026, 5:03:35 p. m.",17.94,64.62,1316,normal

timestamp,temperatura,humedad,gas,estado_alerta
"05-06-2026, 5:03:38 p. m.",17.95,64.55,1232,normal

timestamp,temperatura,humedad,gas,estado_alerta
"05-06-2026, 5:03:42 p. m.",17.95,64.5,1233,normal

timestamp,temperatura,humedad,gas,estado_alerta
"05-06-2026, 5:05:02 p. m.",18.02,65.32,1181,normal

timestamp,temperatura,humedad,gas,estado_alerta
"05-06-2026, 5:05:05 p. m.",18.03,65.36,1197,normal

timestamp,temperatura,humedad,gas,estado_alerta
"05-06-2026, 5:05:08 p. m.",18.02,65.25,1165,normal

timestamp,temperatura,humedad,gas,estado_alerta
"05-06-2026, 5:05:11 p. m.",18.02,65.23,1313,normal

timestamp,temperatura,humedad,gas,estado_alerta
"05-06-2026, 5:05:14 p. m.",18.02,65.38,1293,normal

timestamp,temperatura,humedad,gas,estado_alerta
"05-06-2026, 5:05:17 p. m.",18.01,65.32,1258,normal

timestamp,temperatura,humedad,gas,estado_alerta
"05-06-2026, 5:05:20 p. m.",18.03,65.32,1162,normal

timestamp,temperatura,humedad,gas,estado_alerta
"05-06-2026, 5:05:23 p. m.",18.05,65.33,1185,normal

timestamp,temperatura,humedad,gas,estado_alerta
"05-06-2026, 5:05:26 p. m.",18.03,65.32,1270,normal

timestamp,temperatura,humedad,gas,estado_alerta
"05-06-2026, 5:05:29 p. m.",18.05,65.21,1306,normal

timestamp,temperatura,humedad,gas,estado_alerta
"05-06-2026, 5:05:32 p. m.",18.02,65.15,1258,normal

timestamp,temperatura,humedad,gas,estado_alerta
"05-06-2026, 5:05:35 p. m.",18.05,65.13,1271,normal

timestamp,temperatura,humedad,gas,estado_alerta
"05-06-2026, 5:05:38 p. m.",18.06,65.1,1203,normal

timestamp,temperatura,humedad,gas,estado_alerta
"05-06-2026, 5:05:41 p. m.",18.03,65.02,1337,normal

timestamp,temperatura,humedad,gas,estado_alerta
"05-06-2026, 5:05:44 p. m.",18.03,64.94,1296,normal

timestamp,temperatura,humedad,gas,estado_alerta
"05-06-2026, 5:05:47 p. m.",18.03,64.88,1299,normal

timestamp,temperatura,humedad,gas,estado_alerta
"05-06-2026, 5:05:50 p. m.",18.06,64.79,1280,normal

timestamp,temperatura,humedad,gas,estado_alerta
"05-06-2026, 5:05:53 p. m.",18.06,64.79,1328,normal

timestamp,temperatura,humedad,gas,estado_alerta
"05-06-2026, 5:05:56 p. m.",18.06,64.68,1296,normal

timestamp,temperatura,humedad,gas,estado_alerta
"05-06-2026, 5:05:59 p. m.",18.08,64.51,1308,normal

timestamp,temperatura,humedad,gas,estado_alerta
"05-06-2026, 5:06:02 p. m.",18.06,64.38,1302,normal

timestamp,temperatura,humedad,gas,estado_alerta
"05-06-2026, 5:06:05 p. m.",18.06,64.24,1212,normal

timestamp,temperatura,humedad,gas,estado_alerta
"05-06-2026, 5:06:08 p. m.",18.06,64.09,1270,normal

timestamp,temperatura,humedad,gas,estado_alerta
"05-06-2026, 5:06:11 p. m.",18.05,64.09,1230,normal

timestamp,temperatura,humedad,gas,estado_alerta
"05-06-2026, 5:06:14 p. m.",18.05,64.18,1292,normal

timestamp,temperatura,humedad,gas,estado_alerta
"05-06-2026, 5:06:17 p. m.",18.06,64.17,1311,normal

timestamp,temperatura,humedad,gas,estado_alerta
"05-06-2026, 5:06:20 p. m.",18.09,64.3,1315,normal

timestamp,temperatura,humedad,gas,estado_alerta
"05-06-2026, 5:06:23 p. m.",18.09,64.29,1329,normal

timestamp,temperatura,humedad,gas,estado_alerta
"05-06-2026, 5:06:26 p. m.",18.09,64.52,1324,normal

timestamp,temperatura,humedad,gas,estado_alerta
"05-06-2026, 5:06:29 p. m.",18.03,64.76,1307,normal

timestamp,temperatura,humedad,gas,estado_alerta
"05-06-2026, 5:06:32 p. m.",18.08,64.94,1237,normal

timestamp,temperatura,humedad,gas,estado_alerta
"05-06-2026, 5:06:35 p. m.",18.06,65.07,1308,normal

timestamp,temperatura,humedad,gas,estado_alerta
"05-06-2026, 5:06:38 p. m.",18.06,65.04,1232,normal

timestamp,temperatura,humedad,gas,estado_alerta
"05-06-2026, 5:06:41 p. m.",18.09,64.87,1239,normal

timestamp,temperatura,humedad,gas,estado_alerta
"05-06-2026, 5:06:44 p. m.",18.1,64.86,1279,normal

timestamp,temperatura,humedad,gas,estado_alerta
"05-06-2026, 5:06:47 p. m.",18.1,64.86,1270,normal

timestamp,temperatura,humedad,gas,estado_alerta
"05-06-2026, 5:06:50 p. m.",18.08,64.84,1296,normal

timestamp,temperatura,humedad,gas,estado_alerta
"05-06-2026, 5:06:53 p. m.",18.08,64.78,1325,normal

timestamp,temperatura,humedad,gas,estado_alerta
"05-06-2026, 5:06:56 p. m.",18.08,64.77,1301,normal

timestamp,temperatura,humedad,gas,estado_alerta
"05-06-2026, 5:07:10 p. m.",18.08,64.79,1281,normal

timestamp,temperatura,humedad,gas,estado_alerta
"05-06-2026, 5:07:27 p. m.",18.09,64.47,1316,normal

timestamp,temperatura,humedad,gas,estado_alerta
"05-06-2026, 5:07:30 p. m.",18.1,64.59,1361,normal

timestamp,temperatura,humedad,gas,estado_alerta
"05-06-2026, 5:07:33 p. m.",18.1,64.73,1371,normal

timestamp,temperatura,humedad,gas,estado_alerta
"05-06-2026, 5:07:39 p. m.",18.08,64.86,1328,normal

timestamp,temperatura,humedad,gas,estado_alerta
"05-06-2026, 5:07:39 p. m.",18.08,64.93,1325,normal

timestamp,temperatura,humedad,gas,estado_alerta
"05-06-2026, 5:07:42 p. m.",18.09,64.87,1350,normal

timestamp,temperatura,humedad,gas,estado_alerta
"05-06-2026, 5:07:45 p. m.",18.1,64.98,1334,normal

timestamp,temperatura,humedad,gas,estado_alerta
"05-06-2026, 5:07:48 p. m.",18.12,65.27,1201,normal

timestamp,temperatura,humedad,gas,estado_alerta
"05-06-2026, 5:07:51 p. m.",18.1,65.3,1213,normal

timestamp,temperatura,humedad,gas,estado_alerta
"05-06-2026, 5:07:54 p. m.",18.1,65.07,1200,normal

timestamp,temperatura,humedad,gas,estado_alerta
"05-06-2026, 5:08:51 p. m.",18.54,62.57,1047,normal

timestamp,temperatura,humedad,gas,estado_alerta
"05-06-2026, 5:08:54 p. m.",18.57,63.17,1071,normal

timestamp,temperatura,humedad,gas,estado_alerta
"05-06-2026, 5:08:57 p. m.",18.58,63.85,1063,normal

timestamp,temperatura,humedad,gas,estado_alerta
"05-06-2026, 5:09:00 p. m.",18.61,63.81,1051,normal

timestamp,temperatura,humedad,gas,estado_alerta
"05-06-2026, 5:09:03 p. m.",18.62,63.34,1058,normal

timestamp,temperatura,humedad,gas,estado_alerta
"05-06-2026, 5:09:07 p. m.",18.62,62.85,1035,normal

timestamp,temperatura,humedad,gas,estado_alerta
"05-06-2026, 5:09:09 p. m.",18.61,62.47,1057,normal

timestamp,temperatura,humedad,gas,estado_alerta
"05-06-2026, 5:09:12 p. m.",18.65,62.25,1057,normal

timestamp,temperatura,humedad,gas,estado_alerta
"05-06-2026, 5:09:16 p. m.",18.65,62.28,1058,normal

timestamp,temperatura,humedad,gas,estado_alerta
"05-06-2026, 5:09:18 p. m.",18.67,62.06,1054,normal

timestamp,temperatura,humedad,gas,estado_alerta
"05-06-2026, 5:09:21 p. m.",18.67,61.98,1057,normal

timestamp,temperatura,humedad,gas,estado_alerta
"05-06-2026, 5:09:25 p. m.",18.69,61.97,1059,normal

timestamp,temperatura,humedad,gas,estado_alerta
"05-06-2026, 5:09:27 p. m.",18.67,62.03,1054,normal

timestamp,temperatura,humedad,gas,estado_alerta
"05-06-2026, 5:09:33 p. m.",18.68,62.4,1022,normal

timestamp,temperatura,humedad,gas,estado_alerta
"05-06-2026, 5:09:33 p. m.",18.69,63.12,1011,normal

timestamp,temperatura,humedad,gas,estado_alerta
"05-06-2026, 5:09:36 p. m.",18.69,63.55,1053,normal

timestamp,temperatura,humedad,gas,estado_alerta
"05-06-2026, 5:09:39 p. m.",18.71,63.32,1054,normal

timestamp,temperatura,humedad,gas,estado_alerta
"05-06-2026, 5:09:47 p. m.",18.71,62.79,1021,normal

timestamp,temperatura,humedad,gas,estado_alerta
"05-06-2026, 5:09:47 p. m.",18.71,62.34,1003,normal

timestamp,temperatura,humedad,gas,estado_alerta
"05-06-2026, 5:09:48 p. m.",18.71,62.17,1049,normal

timestamp,temperatura,humedad,gas,estado_alerta
"05-06-2026, 5:09:51 p. m.",18.71,61.95,1056,normal

timestamp,temperatura,humedad,gas,estado_alerta
"05-06-2026, 5:09:58 p. m.",18.69,61.65,1008,normal

timestamp,temperatura,humedad,gas,estado_alerta
"05-06-2026, 5:10:03 p. m.",18.71,61.44,1009,normal

timestamp,temperatura,humedad,gas,estado_alerta
"05-06-2026, 5:10:03 p. m.",18.71,61.28,999,normal

timestamp,temperatura,humedad,gas,estado_alerta
"05-06-2026, 5:10:03 p. m.",18.68,61.23,1002,normal

timestamp,temperatura,humedad,gas,estado_alerta
"05-06-2026, 5:10:07 p. m.",18.67,61.16,1008,normal

timestamp,temperatura,humedad,gas,estado_alerta
"05-06-2026, 5:10:10 p. m.",18.68,61.2,995,normal

timestamp,temperatura,humedad,gas,estado_alerta
"05-06-2026, 5:10:12 p. m.",18.64,61.08,999,normal

timestamp,temperatura,humedad,gas,estado_alerta
"05-06-2026, 5:10:56 p. m.",18.65,61.05,944,normal

timestamp,temperatura,humedad,gas,estado_alerta
"05-06-2026, 5:10:59 p. m.",18.62,61.01,958,normal

timestamp,temperatura,humedad,gas,estado_alerta
"05-06-2026, 5:11:02 p. m.",18.67,60.98,943,normal

timestamp,temperatura,humedad,gas,estado_alerta
"05-06-2026, 5:11:05 p. m.",18.67,60.89,930,normal

timestamp,temperatura,humedad,gas,estado_alerta
"05-06-2026, 5:11:08 p. m.",18.64,60.86,947,normal

timestamp,temperatura,humedad,gas,estado_alerta
"05-06-2026, 5:11:11 p. m.",18.65,60.93,922,normal

timestamp,temperatura,humedad,gas,estado_alerta
"05-06-2026, 5:11:14 p. m.",18.62,60.96,960,normal

timestamp,temperatura,humedad,gas,estado_alerta
"05-06-2026, 5:11:17 p. m.",18.62,60.97,967,normal

timestamp,temperatura,humedad,gas,estado_alerta
"05-06-2026, 5:11:20 p. m.",18.64,61.04,978,normal

timestamp,temperatura,humedad,gas,estado_alerta
"05-06-2026, 5:11:23 p. m.",18.64,61.06,966,normal

timestamp,temperatura,humedad,gas,estado_alerta
"05-06-2026, 5:11:26 p. m.",18.6,61.06,977,normal

timestamp,temperatura,humedad,gas,estado_alerta
"05-06-2026, 5:11:29 p. m.",18.62,61.25,991,normal

timestamp,temperatura,humedad,gas,estado_alerta
"05-06-2026, 5:11:32 p. m.",18.61,61.33,992,normal

timestamp,temperatura,humedad,gas,estado_alerta
"05-06-2026, 5:11:35 p. m.",18.61,61.36,994,normal

timestamp,temperatura,humedad,gas,estado_alerta
"05-06-2026, 5:11:38 p. m.",18.61,61.34,963,normal

timestamp,temperatura,humedad,gas,estado_alerta
"05-06-2026, 5:11:41 p. m.",18.57,61.32,984,normal

timestamp,temperatura,humedad,gas,estado_alerta
"05-06-2026, 5:11:44 p. m.",18.61,61.25,989,normal

timestamp,temperatura,humedad,gas,estado_alerta
"05-06-2026, 5:11:47 p. m.",18.61,61.18,977,normal

timestamp,temperatura,humedad,gas,estado_alerta
"05-06-2026, 5:11:50 p. m.",18.6,61.21,982,normal

timestamp,temperatura,humedad,gas,estado_alerta
"05-06-2026, 5:11:53 p. m.",18.61,61.36,976,normal

timestamp,temperatura,humedad,gas,estado_alerta
"05-06-2026, 5:11:56 p. m.",18.61,61.22,976,normal

timestamp,temperatura,humedad,gas,estado_alerta
"05-06-2026, 5:11:59 p. m.",18.62,61.02,973,normal

timestamp,temperatura,humedad,gas,estado_alerta
"05-06-2026, 5:12:02 p. m.",18.61,60.82,969,normal

timestamp,temperatura,humedad,gas,estado_alerta
"05-06-2026, 5:12:05 p. m.",18.61,60.61,971,normal

timestamp,temperatura,humedad,gas,estado_alerta
"05-06-2026, 5:12:08 p. m.",18.58,60.5,972,normal

timestamp,temperatura,humedad,gas,estado_alerta
"05-06-2026, 5:12:11 p. m.",18.57,60.43,970,normal

timestamp,temperatura,humedad,gas,estado_alerta
"05-06-2026, 5:12:14 p. m.",18.58,60.61,977,normal

timestamp,temperatura,humedad,gas,estado_alerta
"05-06-2026, 5:12:18 p. m.",18.55,61.05,960,normal

timestamp,temperatura,humedad,gas,estado_alerta
"05-06-2026, 5:12:20 p. m.",18.55,61.68,999,normal

timestamp,temperatura,humedad,gas,estado_alerta
"05-06-2026, 5:12:23 p. m.",18.58,62.97,1035,normal

timestamp,temperatura,humedad,gas,estado_alerta
"05-06-2026, 5:12:26 p. m.",18.55,64.19,1042,normal

timestamp,temperatura,humedad,gas,estado_alerta
"05-06-2026, 5:12:29 p. m.",18.58,65.13,1045,normal

timestamp,temperatura,humedad,gas,estado_alerta
"05-06-2026, 5:14:44 p. m.",19.79,62.25,1161,normal

timestamp,temperatura,humedad,gas,estado_alerta
"05-06-2026, 5:14:47 p. m.",19.79,62.08,1165,normal

timestamp,temperatura,humedad,gas,estado_alerta
"05-06-2026, 5:14:50 p. m.",19.83,61.95,1183,normal

timestamp,temperatura,humedad,gas,estado_alerta
"05-06-2026, 5:15:17 p. m.",19.93,61.76,1154,normal

timestamp,temperatura,humedad,gas,estado_alerta
"05-06-2026, 5:15:20 p. m.",19.93,61.7,1157,normal

timestamp,temperatura,humedad,gas,estado_alerta
"05-06-2026, 5:15:23 p. m.",19.93,61.73,1172,normal

timestamp,temperatura,humedad,gas,estado_alerta
"05-06-2026, 5:15:26 p. m.",19.96,61.74,1170,normal

timestamp,temperatura,humedad,gas,estado_alerta
"05-06-2026, 5:15:29 p. m.",19.96,61.66,1166,normal

timestamp,temperatura,humedad,gas,estado_alerta
"05-06-2026, 5:15:32 p. m.",19.94,61.65,1164,normal

timestamp,temperatura,humedad,gas,estado_alerta
"05-06-2026, 5:15:35 p. m.",19.99,61.54,1125,normal

timestamp,temperatura,humedad,gas,estado_alerta
"05-06-2026, 5:15:38 p. m.",19.99,61.29,1120,normal

timestamp,temperatura,humedad,gas,estado_alerta
"05-06-2026, 5:15:41 p. m.",19.99,61.09,1142,normal

timestamp,temperatura,humedad,gas,estado_alerta
"05-06-2026, 5:15:44 p. m.",20.01,61.01,1152,normal

timestamp,temperatura,humedad,gas,estado_alerta
"05-06-2026, 5:15:47 p. m.",20,60.95,1151,normal

timestamp,temperatura,humedad,gas,estado_alerta
"05-06-2026, 5:15:50 p. m.",20.03,60.97,1120,normal

timestamp,temperatura,humedad,gas,estado_alerta
"05-06-2026, 5:15:53 p. m.",20.03,61.02,1122,normal

timestamp,temperatura,humedad,gas,estado_alerta
"05-06-2026, 5:15:56 p. m.",20.01,61.09,1135,normal

timestamp,temperatura,humedad,gas,estado_alerta
"05-06-2026, 5:15:59 p. m.",20.05,61.01,1105,normal

timestamp,temperatura,humedad,gas,estado_alerta
"05-06-2026, 5:16:02 p. m.",20.05,60.92,1129,normal

timestamp,temperatura,humedad,gas,estado_alerta
"05-06-2026, 5:16:05 p. m.",20.07,60.78,1137,normal

timestamp,temperatura,humedad,gas,estado_alerta
"05-06-2026, 5:16:08 p. m.",20.06,60.7,1137,normal

timestamp,temperatura,humedad,gas,estado_alerta
"05-06-2026, 5:16:11 p. m.",20.07,60.75,1136,normal

timestamp,temperatura,humedad,gas,estado_alerta
"05-06-2026, 5:16:14 p. m.",20.09,60.92,1134,normal

timestamp,temperatura,humedad,gas,estado_alerta
"05-06-2026, 5:16:17 p. m.",20.1,61.06,1136,normal

timestamp,temperatura,humedad,gas,estado_alerta
"05-06-2026, 5:16:20 p. m.",20.12,61.22,1126,normal

timestamp,temperatura,humedad,gas,estado_alerta
"05-06-2026, 5:16:23 p. m.",20.12,61.25,1135,normal

timestamp,temperatura,humedad,gas,estado_alerta
"05-06-2026, 5:16:26 p. m.",20.13,61.12,1127,normal

timestamp,temperatura,humedad,gas,estado_alerta
"05-06-2026, 5:16:29 p. m.",20.16,60.99,1099,normal

timestamp,temperatura,humedad,gas,estado_alerta
"05-06-2026, 5:16:32 p. m.",20.14,60.93,1124,normal

timestamp,temperatura,humedad,gas,estado_alerta
"05-06-2026, 5:16:35 p. m.",20.13,61.02,1121,normal

timestamp,temperatura,humedad,gas,estado_alerta
"05-06-2026, 5:16:38 p. m.",20.14,60.98,1098,normal

timestamp,temperatura,humedad,gas,estado_alerta
"05-06-2026, 5:16:41 p. m.",20.16,60.88,1122,normal

timestamp,temperatura,humedad,gas,estado_alerta
"05-06-2026, 5:16:44 p. m.",20.16,60.84,1121,normal

timestamp,temperatura,humedad,gas,estado_alerta
"05-06-2026, 5:16:47 p. m.",20.16,60.94,1117,normal

timestamp,temperatura,humedad,gas,estado_alerta
"05-06-2026, 5:16:50 p. m.",20.17,60.96,1123,normal

timestamp,temperatura,humedad,gas,estado_alerta
"05-06-2026, 5:16:53 p. m.",20.18,60.94,1117,normal

timestamp,temperatura,humedad,gas,estado_alerta
"05-06-2026, 5:16:56 p. m.",20.2,60.92,1111,normal

timestamp,temperatura,humedad,gas,estado_alerta
"05-06-2026, 5:16:59 p. m.",20.2,60.83,1116,normal

timestamp,temperatura,humedad,gas,estado_alerta
"05-06-2026, 5:17:02 p. m.",20.24,60.82,1114,normal

timestamp,temperatura,humedad,gas,estado_alerta
"05-06-2026, 5:17:05 p. m.",20.21,60.83,1114,normal

timestamp,temperatura,humedad,gas,estado_alerta
"05-06-2026, 5:17:08 p. m.",20.23,60.78,1086,normal

timestamp,temperatura,humedad,gas,estado_alerta
"05-06-2026, 5:17:11 p. m.",20.23,60.76,1114,normal

timestamp,temperatura,humedad,gas,estado_alerta
"05-06-2026, 5:17:14 p. m.",20.24,60.6,1109,normal

timestamp,temperatura,humedad,gas,estado_alerta
"05-06-2026, 5:17:17 p. m.",20.25,60.39,1111,normal

timestamp,temperatura,humedad,gas,estado_alerta
"05-06-2026, 5:17:20 p. m.",20.24,60.29,1109,normal

timestamp,temperatura,humedad,gas,estado_alerta
"05-06-2026, 5:17:23 p. m.",20.27,60.24,1111,normal

timestamp,temperatura,humedad,gas,estado_alerta
"05-06-2026, 5:17:26 p. m.",20.27,60.34,1109,normal

timestamp,temperatura,humedad,gas,estado_alerta
"05-06-2026, 5:17:29 p. m.",20.28,60.43,1107,normal

timestamp,temperatura,humedad,gas,estado_alerta
"05-06-2026, 5:17:32 p. m.",20.3,60.42,1111,normal

timestamp,temperatura,humedad,gas,estado_alerta
"05-06-2026, 5:17:35 p. m.",20.28,60.44,1111,normal

timestamp,temperatura,humedad,gas,estado_alerta
"05-06-2026, 5:17:38 p. m.",20.31,60.48,1120,normal

timestamp,temperatura,humedad,gas,estado_alerta
"05-06-2026, 5:17:41 p. m.",20.3,60.51,1113,normal

timestamp,temperatura,humedad,gas,estado_alerta
"05-06-2026, 5:17:44 p. m.",20.31,60.43,1114,normal

timestamp,temperatura,humedad,gas,estado_alerta
"05-06-2026, 5:17:47 p. m.",20.31,60.3,1088,normal

timestamp,temperatura,humedad,gas,estado_alerta
"05-06-2026, 5:17:50 p. m.",20.34,60.22,1109,normal

timestamp,temperatura,humedad,gas,estado_alerta
"05-06-2026, 5:17:53 p. m.",20.32,60.04,1108,normal

timestamp,temperatura,humedad,gas,estado_alerta
"05-06-2026, 5:17:56 p. m.",20.34,59.95,1105,normal

timestamp,temperatura,humedad,gas,estado_alerta
"05-06-2026, 5:17:59 p. m.",20.35,59.88,1110,normal

timestamp,temperatura,humedad,gas,estado_alerta
"05-06-2026, 5:18:02 p. m.",20.35,59.93,1110,normal

timestamp,temperatura,humedad,gas,estado_alerta
"05-06-2026, 5:18:05 p. m.",20.32,60.1,1109,normal

timestamp,temperatura,humedad,gas,estado_alerta
"05-06-2026, 5:18:08 p. m.",20.38,60.23,1114,normal

timestamp,temperatura,humedad,gas,estado_alerta
"05-06-2026, 5:18:11 p. m.",20.38,60.31,1106,normal

timestamp,temperatura,humedad,gas,estado_alerta
"05-06-2026, 5:18:14 p. m.",20.4,60.33,1112,normal

timestamp,temperatura,humedad,gas,estado_alerta
"05-06-2026, 5:18:17 p. m.",20.42,60.36,1115,normal

timestamp,temperatura,humedad,gas,estado_alerta
"05-06-2026, 5:18:20 p. m.",20.4,60.39,1113,normal

timestamp,temperatura,humedad,gas,estado_alerta
"05-06-2026, 5:18:23 p. m.",20.41,60.39,1113,normal

timestamp,temperatura,humedad,gas,estado_alerta
"05-06-2026, 5:18:26 p. m.",20.44,60.36,1087,normal

timestamp,temperatura,humedad,gas,estado_alerta
"05-06-2026, 5:18:29 p. m.",20.42,60.24,1113,normal

timestamp,temperatura,humedad,gas,estado_alerta
"05-06-2026, 5:18:32 p. m.",20.41,60.17,1113,normal

timestamp,temperatura,humedad,gas,estado_alerta
"05-06-2026, 5:18:35 p. m.",20.44,59.99,1104,normal

timestamp,temperatura,humedad,gas,estado_alerta
"05-06-2026, 5:18:38 p. m.",20.44,59.85,1104,normal

timestamp,temperatura,humedad,gas,estado_alerta
"05-06-2026, 5:18:41 p. m.",20.45,59.76,1105,normal

timestamp,temperatura,humedad,gas,estado_alerta
"05-06-2026, 5:18:57 p. m.",20.45,59.26,1059,normal

timestamp,temperatura,humedad,gas,estado_alerta
"05-06-2026, 5:19:09 p. m.",20.48,59.21,1158,normal

timestamp,temperatura,humedad,gas,estado_alerta
"05-06-2026, 5:19:09 p. m.",20.49,59.32,1173,normal

timestamp,temperatura,humedad,gas,estado_alerta
"05-06-2026, 5:19:09 p. m.",20.49,59.51,1222,normal

timestamp,temperatura,humedad,gas,estado_alerta
"05-06-2026, 5:19:09 p. m.",20.52,59.69,1211,normal

timestamp,temperatura,humedad,gas,estado_alerta
"05-06-2026, 5:19:12 p. m.",20.49,59.84,1207,normal

timestamp,temperatura,humedad,gas,estado_alerta
"05-06-2026, 5:19:15 p. m.",20.51,60.05,1171,normal

timestamp,temperatura,humedad,gas,estado_alerta
"05-06-2026, 5:19:18 p. m.",20.53,60.11,1189,normal

timestamp,temperatura,humedad,gas,estado_alerta
"05-06-2026, 5:19:21 p. m.",20.52,60.03,1171,normal

timestamp,temperatura,humedad,gas,estado_alerta
"05-06-2026, 5:19:24 p. m.",20.55,59.93,1154,normal

timestamp,temperatura,humedad,gas,estado_alerta
"05-06-2026, 5:19:27 p. m.",20.53,59.69,1150,normal

timestamp,temperatura,humedad,gas,estado_alerta
"05-06-2026, 5:19:30 p. m.",20.55,59.47,1139,normal

timestamp,temperatura,humedad,gas,estado_alerta
"05-06-2026, 5:19:33 p. m.",20.55,59.46,1143,normal

timestamp,temperatura,humedad,gas,estado_alerta
"05-06-2026, 5:19:36 p. m.",20.56,59.58,1150,normal

timestamp,temperatura,humedad,gas,estado_alerta
"05-06-2026, 5:19:39 p. m.",20.56,59.6,1132,normal

timestamp,temperatura,humedad,gas,estado_alerta
"05-06-2026, 5:19:42 p. m.",20.58,59.67,1139,normal

timestamp,temperatura,humedad,gas,estado_alerta
"05-06-2026, 5:19:45 p. m.",20.56,59.66,1135,normal

timestamp,temperatura,humedad,gas,estado_alerta
"05-06-2026, 5:19:48 p. m.",20.58,59.75,1104,normal

timestamp,temperatura,humedad,gas,estado_alerta
"05-06-2026, 5:19:51 p. m.",20.58,59.78,1134,normal

timestamp,temperatura,humedad,gas,estado_alerta
"05-06-2026, 5:19:54 p. m.",20.59,59.7,1136,normal

timestamp,temperatura,humedad,gas,estado_alerta
"05-06-2026, 5:19:57 p. m.",20.61,59.58,1104,normal

timestamp,temperatura,humedad,gas,estado_alerta
"05-06-2026, 5:20:00 p. m.",20.61,59.61,1131,normal

timestamp,temperatura,humedad,gas,estado_alerta
"05-06-2026, 5:20:03 p. m.",20.61,59.66,1124,normal

timestamp,temperatura,humedad,gas,estado_alerta
"05-06-2026, 5:20:06 p. m.",20.65,59.91,1136,normal

timestamp,temperatura,humedad,gas,estado_alerta
"05-06-2026, 5:20:09 p. m.",20.64,60.04,1107,normal

timestamp,temperatura,humedad,gas,estado_alerta
"05-06-2026, 5:20:12 p. m.",20.61,60,1136,normal

timestamp,temperatura,humedad,gas,estado_alerta
"05-06-2026, 5:20:15 p. m.",20.61,59.81,1135,normal

timestamp,temperatura,humedad,gas,estado_alerta
"05-06-2026, 5:20:18 p. m.",20.65,59.73,1136,normal

timestamp,temperatura,humedad,gas,estado_alerta
"05-06-2026, 5:20:21 p. m.",20.64,59.71,1134,normal

timestamp,temperatura,humedad,gas,estado_alerta
"05-06-2026, 5:20:24 p. m.",20.65,59.79,1136,normal

timestamp,temperatura,humedad,gas,estado_alerta
"05-06-2026, 5:20:27 p. m.",20.65,59.88,1130,normal

timestamp,temperatura,humedad,gas,estado_alerta
"05-06-2026, 5:20:30 p. m.",20.66,59.9,1106,normal

timestamp,temperatura,humedad,gas,estado_alerta
"05-06-2026, 5:20:36 p. m.",20.65,59.88,1102,normal

timestamp,temperatura,humedad,gas,estado_alerta
"05-06-2026, 5:20:36 p. m.",20.68,59.88,1136,normal

timestamp,temperatura,humedad,gas,estado_alerta
"05-06-2026, 5:20:39 p. m.",20.66,59.94,1136,normal

timestamp,temperatura,humedad,gas,estado_alerta
"05-06-2026, 5:20:42 p. m.",20.68,60.08,1153,normal

timestamp,temperatura,humedad,gas,estado_alerta
"05-06-2026, 5:20:45 p. m.",20.68,60.19,1149,normal

timestamp,temperatura,humedad,gas,estado_alerta
"05-06-2026, 5:20:48 p. m.",20.69,60.27,1131,normal

timestamp,temperatura,humedad,gas,estado_alerta
"05-06-2026, 5:20:51 p. m.",20.69,60.31,1115,normal

timestamp,temperatura,humedad,gas,estado_alerta
"05-06-2026, 5:20:54 p. m.",20.69,60.38,1138,normal

timestamp,temperatura,humedad,gas,estado_alerta
"05-06-2026, 5:20:57 p. m.",20.71,60.36,1168,normal

timestamp,temperatura,humedad,gas,estado_alerta
"05-06-2026, 5:21:00 p. m.",20.72,60.37,1133,normal

timestamp,temperatura,humedad,gas,estado_alerta
"05-06-2026, 5:21:03 p. m.",20.69,60.27,1157,normal

timestamp,temperatura,humedad,gas,estado_alerta
"05-06-2026, 5:21:06 p. m.",20.72,60.22,1152,normal

timestamp,temperatura,humedad,gas,estado_alerta
"05-06-2026, 5:21:09 p. m.",20.69,60.19,1137,normal

timestamp,temperatura,humedad,gas,estado_alerta
"05-06-2026, 5:21:12 p. m.",20.73,60.18,1118,normal

timestamp,temperatura,humedad,gas,estado_alerta
"05-06-2026, 5:21:15 p. m.",20.72,60.19,1165,normal

timestamp,temperatura,humedad,gas,estado_alerta
"05-06-2026, 5:21:18 p. m.",20.73,60.2,1149,normal

timestamp,temperatura,humedad,gas,estado_alerta
"05-06-2026, 5:21:21 p. m.",20.75,60.27,1166,normal

timestamp,temperatura,humedad,gas,estado_alerta
"05-06-2026, 5:21:24 p. m.",20.73,60.15,1175,normal

timestamp,temperatura,humedad,gas,estado_alerta
"05-06-2026, 5:21:27 p. m.",20.75,60.15,1184,normal

timestamp,temperatura,humedad,gas,estado_alerta
"05-06-2026, 5:21:30 p. m.",20.75,60.11,1173,normal

timestamp,temperatura,humedad,gas,estado_alerta
"05-06-2026, 5:21:33 p. m.",20.77,60.12,1152,normal

timestamp,temperatura,humedad,gas,estado_alerta
"05-06-2026, 5:21:38 p. m.",20.76,60.12,1141,normal

timestamp,temperatura,humedad,gas,estado_alerta
"05-06-2026, 5:21:39 p. m.",20.76,60.12,1162,normal

timestamp,temperatura,humedad,gas,estado_alerta
"05-06-2026, 5:21:42 p. m.",20.76,60.09,1172,normal

timestamp,temperatura,humedad,gas,estado_alerta
"05-06-2026, 5:21:45 p. m.",20.76,60.15,1177,normal

timestamp,temperatura,humedad,gas,estado_alerta
"05-06-2026, 5:21:48 p. m.",20.79,60.12,1168,normal

timestamp,temperatura,humedad,gas,estado_alerta
"05-06-2026, 5:21:51 p. m.",20.76,60.18,1170,normal

timestamp,temperatura,humedad,gas,estado_alerta
"05-06-2026, 5:21:54 p. m.",20.79,60.22,1141,normal

timestamp,temperatura,humedad,gas,estado_alerta
"05-06-2026, 5:21:57 p. m.",20.77,60.22,1163,normal

timestamp,temperatura,humedad,gas,estado_alerta
"05-06-2026, 5:24:03 p. m.",20.89,59.5,1136,normal

timestamp,temperatura,humedad,gas,estado_alerta
"05-06-2026, 5:24:06 p. m.",20.9,59.44,1155,normal

timestamp,temperatura,humedad,gas,estado_alerta
"05-06-2026, 5:24:09 p. m.",20.87,59.39,1151,normal

timestamp,temperatura,humedad,gas,estado_alerta
"05-06-2026, 5:24:12 p. m.",20.89,59.32,1155,normal

timestamp,temperatura,humedad,gas,estado_alerta
"05-06-2026, 5:24:15 p. m.",20.91,59.13,1157,normal

timestamp,temperatura,humedad,gas,estado_alerta
"05-06-2026, 5:24:18 p. m.",20.91,59.02,1154,normal

timestamp,temperatura,humedad,gas,estado_alerta
"05-06-2026, 5:24:21 p. m.",20.91,58.85,1150,normal

timestamp,temperatura,humedad,gas,estado_alerta
"05-06-2026, 5:24:24 p. m.",20.91,58.66,1151,normal

timestamp,temperatura,humedad,gas,estado_alerta
"05-06-2026, 5:24:27 p. m.",20.91,58.6,1141,normal

timestamp,temperatura,humedad,gas,estado_alerta
"05-06-2026, 5:24:30 p. m.",20.9,58.44,1150,normal

timestamp,temperatura,humedad,gas,estado_alerta
"05-06-2026, 5:24:33 p. m.",20.9,58.26,1139,normal

timestamp,temperatura,humedad,gas,estado_alerta
"05-06-2026, 5:24:36 p. m.",20.9,58.25,1147,normal

timestamp,temperatura,humedad,gas,estado_alerta
"05-06-2026, 5:24:39 p. m.",20.9,58.27,1146,normal

timestamp,temperatura,humedad,gas,estado_alerta
"05-06-2026, 5:24:42 p. m.",20.9,58.23,1146,normal

timestamp,temperatura,humedad,gas,estado_alerta
"05-06-2026, 5:24:45 p. m.",20.91,58.3,1136,normal

timestamp,temperatura,humedad,gas,estado_alerta
"05-06-2026, 5:24:48 p. m.",20.93,58.48,1146,normal

timestamp,temperatura,humedad,gas,estado_alerta
"05-06-2026, 5:24:51 p. m.",20.93,58.54,1142,normal

timestamp,temperatura,humedad,gas,estado_alerta
"05-06-2026, 5:24:54 p. m.",20.93,58.68,1147,normal

timestamp,temperatura,humedad,gas,estado_alerta
"05-06-2026, 5:25:00 p. m.",20.94,58.61,1140,normal

timestamp,temperatura,humedad,gas,estado_alerta
"05-06-2026, 5:25:00 p. m.",20.96,58.58,1132,normal

timestamp,temperatura,humedad,gas,estado_alerta
"05-06-2026, 5:25:03 p. m.",20.93,58.54,1111,normal

timestamp,temperatura,humedad,gas,estado_alerta
"05-06-2026, 5:25:06 p. m.",20.94,58.6,1149,normal

timestamp,temperatura,humedad,gas,estado_alerta
"05-06-2026, 5:25:09 p. m.",20.96,58.55,1143,normal

timestamp,temperatura,humedad,gas,estado_alerta
"05-06-2026, 5:25:12 p. m.",20.93,58.59,1146,normal

timestamp,temperatura,humedad,gas,estado_alerta
"05-06-2026, 5:25:15 p. m.",20.96,58.53,1151,normal

timestamp,temperatura,humedad,gas,estado_alerta
"05-06-2026, 5:25:18 p. m.",20.94,58.45,1149,normal

timestamp,temperatura,humedad,gas,estado_alerta
"05-06-2026, 5:25:21 p. m.",20.96,58.5,1153,normal

timestamp,temperatura,humedad,gas,estado_alerta
"05-06-2026, 5:25:24 p. m.",20.94,58.63,1126,normal

timestamp,temperatura,humedad,gas,estado_alerta
"05-06-2026, 5:25:27 p. m.",20.94,58.78,1154,normal

timestamp,temperatura,humedad,gas,estado_alerta
"05-06-2026, 5:25:30 p. m.",20.97,58.84,1152,normal

timestamp,temperatura,humedad,gas,estado_alerta
"05-06-2026, 5:25:33 p. m.",20.96,58.9,1153,normal

timestamp,temperatura,humedad,gas,estado_alerta
"05-06-2026, 5:25:36 p. m.",20.96,58.94,1122,normal

timestamp,temperatura,humedad,gas,estado_alerta
"05-06-2026, 5:25:39 p. m.",20.96,58.91,1155,normal

timestamp,temperatura,humedad,gas,estado_alerta
"05-06-2026, 5:25:42 p. m.",20.94,58.97,1151,normal

timestamp,temperatura,humedad,gas,estado_alerta
"05-06-2026, 5:25:45 p. m.",20.97,59.09,1157,normal

timestamp,temperatura,humedad,gas,estado_alerta
"05-06-2026, 5:25:48 p. m.",20.99,59.2,1121,normal

timestamp,temperatura,humedad,gas,estado_alerta
"05-06-2026, 5:25:51 p. m.",20.97,59.12,1153,normal

timestamp,temperatura,humedad,gas,estado_alerta
"05-06-2026, 5:25:54 p. m.",20.96,59.03,1151,normal

timestamp,temperatura,humedad,gas,estado_alerta
"05-06-2026, 5:25:57 p. m.",20.97,59.01,1163,normal

timestamp,temperatura,humedad,gas,estado_alerta
"05-06-2026, 5:26:00 p. m.",20.97,59.03,1149,normal

timestamp,temperatura,humedad,gas,estado_alerta
"05-06-2026, 5:26:03 p. m.",20.99,59.01,1142,normal

timestamp,temperatura,humedad,gas,estado_alerta
"05-06-2026, 5:26:06 p. m.",20.99,59.05,1143,normal

timestamp,temperatura,humedad,gas,estado_alerta
"05-06-2026, 5:26:09 p. m.",20.99,59.08,1149,normal

timestamp,temperatura,humedad,gas,estado_alerta
"05-06-2026, 5:26:12 p. m.",21,59.16,1152,normal

timestamp,temperatura,humedad,gas,estado_alerta
"05-06-2026, 5:26:15 p. m.",20.97,59.17,1166,normal

timestamp,temperatura,humedad,gas,estado_alerta
"05-06-2026, 5:26:18 p. m.",20.99,59.28,1126,normal

timestamp,temperatura,humedad,gas,estado_alerta
"05-06-2026, 5:26:21 p. m.",21,59.34,1157,normal

timestamp,temperatura,humedad,gas,estado_alerta
"05-06-2026, 5:26:24 p. m.",21,59.42,1159,normal

timestamp,temperatura,humedad,gas,estado_alerta
"05-06-2026, 5:26:27 p. m.",20.99,59.47,1168,normal

timestamp,temperatura,humedad,gas,estado_alerta
"05-06-2026, 5:26:30 p. m.",21,59.47,1163,normal

timestamp,temperatura,humedad,gas,estado_alerta
"05-06-2026, 5:26:33 p. m.",21,59.47,1160,normal

timestamp,temperatura,humedad,gas,estado_alerta
"05-06-2026, 5:26:36 p. m.",20.99,59.46,1153,normal

timestamp,temperatura,humedad,gas,estado_alerta
"05-06-2026, 5:26:39 p. m.",21,59.51,1169,normal

timestamp,temperatura,humedad,gas,estado_alerta
"05-06-2026, 5:26:42 p. m.",21.01,59.55,1169,normal

timestamp,temperatura,humedad,gas,estado_alerta
"05-06-2026, 5:26:45 p. m.",21.01,59.54,1166,normal

timestamp,temperatura,humedad,gas,estado_alerta
"05-06-2026, 5:26:48 p. m.",21,59.53,1169,normal

timestamp,temperatura,humedad,gas,estado_alerta
"05-06-2026, 5:26:51 p. m.",21,59.56,1167,normal

timestamp,temperatura,humedad,gas,estado_alerta
"05-06-2026, 5:26:54 p. m.",21.03,59.6,1168,normal

timestamp,temperatura,humedad,gas,estado_alerta
"05-06-2026, 5:26:57 p. m.",21.01,59.69,1168,normal

timestamp,temperatura,humedad,gas,estado_alerta
"05-06-2026, 5:27:00 p. m.",21.03,59.73,1200,normal

timestamp,temperatura,humedad,gas,estado_alerta
"05-06-2026, 5:27:03 p. m.",21,59.77,1175,normal

timestamp,temperatura,humedad,gas,estado_alerta
"05-06-2026, 5:27:06 p. m.",21,59.7,1183,normal

timestamp,temperatura,humedad,gas,estado_alerta
"05-06-2026, 5:27:09 p. m.",21,59.64,1165,normal

timestamp,temperatura,humedad,gas,estado_alerta
"05-06-2026, 5:27:12 p. m.",21.03,59.53,1168,normal

timestamp,temperatura,humedad,gas,estado_alerta
"05-06-2026, 5:27:15 p. m.",21.01,59.37,1158,normal

timestamp,temperatura,humedad,gas,estado_alerta
"05-06-2026, 5:27:18 p. m.",21.01,59.27,1159,normal

timestamp,temperatura,humedad,gas,estado_alerta
"05-06-2026, 5:27:22 p. m.",21.01,59.3,1173,normal

timestamp,temperatura,humedad,gas,estado_alerta
"05-06-2026, 5:27:24 p. m.",21,59.33,1171,normal

timestamp,temperatura,humedad,gas,estado_alerta
"05-06-2026, 5:27:27 p. m.",21.03,59.47,1186,normal

timestamp,temperatura,humedad,gas,estado_alerta
"05-06-2026, 5:27:30 p. m.",21.04,59.63,1181,normal

timestamp,temperatura,humedad,gas,estado_alerta
"05-06-2026, 5:27:34 p. m.",21.03,59.64,1176,normal

timestamp,temperatura,humedad,gas,estado_alerta
"05-06-2026, 5:27:37 p. m.",21.06,59.57,1179,normal

timestamp,temperatura,humedad,gas,estado_alerta
"05-06-2026, 5:27:39 p. m.",21.03,59.41,1177,normal

timestamp,temperatura,humedad,gas,estado_alerta
"05-06-2026, 5:27:42 p. m.",21.04,59.32,1179,normal

timestamp,temperatura,humedad,gas,estado_alerta
"05-06-2026, 5:27:46 p. m.",21.03,59.35,1183,normal

timestamp,temperatura,humedad,gas,estado_alerta
"05-06-2026, 5:27:48 p. m.",21.03,59.33,1158,normal

timestamp,temperatura,humedad,gas,estado_alerta
"05-06-2026, 5:27:51 p. m.",21.06,59.29,1198,normal

timestamp,temperatura,humedad,gas,estado_alerta
"05-06-2026, 5:27:55 p. m.",21.04,59.32,1178,normal

timestamp,temperatura,humedad,gas,estado_alerta
"05-06-2026, 5:27:57 p. m.",21.04,59.39,1177,normal

timestamp,temperatura,humedad,gas,estado_alerta
"05-06-2026, 5:28:00 p. m.",21.01,59.39,1153,normal

timestamp,temperatura,humedad,gas,estado_alerta
"05-06-2026, 5:28:03 p. m.",21.04,59.38,1154,normal

timestamp,temperatura,humedad,gas,estado_alerta
"05-06-2026, 5:28:06 p. m.",21.01,59.3,1182,normal

timestamp,temperatura,humedad,gas,estado_alerta
"05-06-2026, 5:28:09 p. m.",21.04,59.23,1188,normal

timestamp,temperatura,humedad,gas,estado_alerta
"05-06-2026, 5:28:12 p. m.",21.04,59.19,1155,normal

timestamp,temperatura,humedad,gas,estado_alerta
"05-06-2026, 5:28:15 p. m.",21.04,59.11,1178,normal

timestamp,temperatura,humedad,gas,estado_alerta
"05-06-2026, 5:28:18 p. m.",21.03,59.06,1178,normal

timestamp,temperatura,humedad,gas,estado_alerta
"05-06-2026, 5:28:21 p. m.",21.03,59.05,1175,normal

timestamp,temperatura,humedad,gas,estado_alerta
"05-06-2026, 5:28:24 p. m.",21.03,59,1174,normal

timestamp,temperatura,humedad,gas,estado_alerta
"05-06-2026, 5:28:27 p. m.",21.04,59.01,1181,normal

timestamp,temperatura,humedad,gas,estado_alerta
"05-06-2026, 5:28:30 p. m.",21.06,58.99,1169,normal

timestamp,temperatura,humedad,gas,estado_alerta
"05-06-2026, 5:28:33 p. m.",21.06,58.92,1200,normal

timestamp,temperatura,humedad,gas,estado_alerta
"05-06-2026, 5:28:36 p. m.",21.04,58.88,1182,normal

timestamp,temperatura,humedad,gas,estado_alerta
"05-06-2026, 5:28:39 p. m.",21.06,58.82,1182,normal

timestamp,temperatura,humedad,gas,estado_alerta
"05-06-2026, 5:28:42 p. m.",21.04,58.88,1184,normal

timestamp,temperatura,humedad,gas,estado_alerta
"05-06-2026, 5:28:45 p. m.",21.04,58.93,1183,normal

timestamp,temperatura,humedad,gas,estado_alerta
"05-06-2026, 5:28:48 p. m.",21.04,58.92,1174,normal

timestamp,temperatura,humedad,gas,estado_alerta
"05-06-2026, 5:28:51 p. m.",21.06,58.96,1194,normal

timestamp,temperatura,humedad,gas,estado_alerta
"05-06-2026, 5:28:55 p. m.",21.06,58.92,1184,normal

timestamp,temperatura,humedad,gas,estado_alerta
"05-06-2026, 5:28:57 p. m.",21.04,58.83,1165,normal

timestamp,temperatura,humedad,gas,estado_alerta
"05-06-2026, 5:29:00 p. m.",21.06,58.79,1167,normal

timestamp,temperatura,humedad,gas,estado_alerta
"05-06-2026, 5:29:03 p. m.",21.06,58.73,1175,normal

timestamp,temperatura,humedad,gas,estado_alerta
"05-06-2026, 5:29:06 p. m.",21.04,58.71,1179,normal

timestamp,temperatura,humedad,gas,estado_alerta
"05-06-2026, 5:29:09 p. m.",21.06,58.69,1183,normal

timestamp,temperatura,humedad,gas,estado_alerta
"05-06-2026, 5:29:12 p. m.",21.07,58.59,1168,normal

timestamp,temperatura,humedad,gas,estado_alerta
"05-06-2026, 5:29:15 p. m.",21.06,58.5,1175,normal

timestamp,temperatura,humedad,gas,estado_alerta
"05-06-2026, 5:29:18 p. m.",21.07,58.46,1162,normal

timestamp,temperatura,humedad,gas,estado_alerta
"05-06-2026, 5:29:21 p. m.",21.1,58.43,1168,normal

timestamp,temperatura,humedad,gas,estado_alerta
"05-06-2026, 5:29:24 p. m.",21.08,58.38,1168,normal

timestamp,temperatura,humedad,gas,estado_alerta
"05-06-2026, 5:29:27 p. m.",21.06,58.38,1157,normal

timestamp,temperatura,humedad,gas,estado_alerta
"05-06-2026, 5:29:30 p. m.",21.06,58.46,1168,normal

timestamp,temperatura,humedad,gas,estado_alerta
"05-06-2026, 5:29:33 p. m.",21.07,58.45,1136,normal

timestamp,temperatura,humedad,gas,estado_alerta
"05-06-2026, 5:29:36 p. m.",21.06,58.44,1162,normal

timestamp,temperatura,humedad,gas,estado_alerta
"05-06-2026, 5:29:39 p. m.",21.04,58.52,1168,normal

timestamp,temperatura,humedad,gas,estado_alerta
"05-06-2026, 5:29:43 p. m.",21.06,58.56,1168,normal

timestamp,temperatura,humedad,gas,estado_alerta
"05-06-2026, 5:29:45 p. m.",21.08,58.54,1167,normal

timestamp,temperatura,humedad,gas,estado_alerta
"05-06-2026, 5:29:50 p. m.",21.07,58.51,1168,normal

timestamp,temperatura,humedad,gas,estado_alerta
"05-06-2026, 5:29:51 p. m.",21.06,58.5,1168,normal

timestamp,temperatura,humedad,gas,estado_alerta
"05-06-2026, 5:29:55 p. m.",21.08,58.52,1168,normal

timestamp,temperatura,humedad,gas,estado_alerta
"05-06-2026, 5:29:57 p. m.",21.07,58.59,1168,normal

timestamp,temperatura,humedad,gas,estado_alerta
"05-06-2026, 5:30:00 p. m.",21.07,58.59,1171,normal

timestamp,temperatura,humedad,gas,estado_alerta
"05-06-2026, 5:30:03 p. m.",21.06,58.56,1169,normal

timestamp,temperatura,humedad,gas,estado_alerta
"05-06-2026, 5:30:06 p. m.",21.06,58.58,1174,normal

timestamp,temperatura,humedad,gas,estado_alerta
"05-06-2026, 5:30:09 p. m.",21.06,58.54,1171,normal

timestamp,temperatura,humedad,gas,estado_alerta
"05-06-2026, 5:30:12 p. m.",21.04,58.61,1170,normal

timestamp,temperatura,humedad,gas,estado_alerta
"05-06-2026, 5:30:15 p. m.",21.07,58.64,1153,normal

timestamp,temperatura,humedad,gas,estado_alerta
"05-06-2026, 5:30:18 p. m.",21.06,58.66,1181,normal

timestamp,temperatura,humedad,gas,estado_alerta
"05-06-2026, 5:30:21 p. m.",21.08,58.66,1171,normal

timestamp,temperatura,humedad,gas,estado_alerta
"05-06-2026, 5:30:24 p. m.",21.06,58.72,1165,normal

timestamp,temperatura,humedad,gas,estado_alerta
"05-06-2026, 5:30:27 p. m.",21.06,58.74,1175,normal

timestamp,temperatura,humedad,gas,estado_alerta
"05-06-2026, 5:30:30 p. m.",21.1,58.68,1168,normal

timestamp,temperatura,humedad,gas,estado_alerta
"05-06-2026, 5:30:33 p. m.",21.07,58.61,1171,normal

timestamp,temperatura,humedad,gas,estado_alerta
"05-06-2026, 5:30:36 p. m.",21.07,58.54,1168,normal

timestamp,temperatura,humedad,gas,estado_alerta
"05-06-2026, 5:30:39 p. m.",21.08,58.58,1171,normal

timestamp,temperatura,humedad,gas,estado_alerta
"05-06-2026, 5:30:42 p. m.",21.07,58.57,1166,normal

timestamp,temperatura,humedad,gas,estado_alerta
"05-06-2026, 5:30:45 p. m.",21.08,58.56,1166,normal

timestamp,temperatura,humedad,gas,estado_alerta
"05-06-2026, 5:30:48 p. m.",21.08,58.53,1167,normal

timestamp,temperatura,humedad,gas,estado_alerta
"05-06-2026, 5:30:51 p. m.",21.07,58.44,1170,normal

timestamp,temperatura,humedad,gas,estado_alerta
"05-06-2026, 5:30:54 p. m.",21.07,58.39,1177,normal

timestamp,temperatura,humedad,gas,estado_alerta
"05-06-2026, 5:30:57 p. m.",21.08,58.39,1175,normal

timestamp,temperatura,humedad,gas,estado_alerta
"05-06-2026, 5:31:01 p. m.",21.1,58.43,1170,normal

timestamp,temperatura,humedad,gas,estado_alerta
"05-06-2026, 5:31:03 p. m.",21.08,58.43,1151,normal

timestamp,temperatura,humedad,gas,estado_alerta
"05-06-2026, 5:31:06 p. m.",21.07,58.39,1149,normal

timestamp,temperatura,humedad,gas,estado_alerta
"05-06-2026, 5:31:09 p. m.",21.07,58.38,1178,normal

timestamp,temperatura,humedad,gas,estado_alerta
"05-06-2026, 5:31:12 p. m.",21.07,58.37,1172,normal

timestamp,temperatura,humedad,gas,estado_alerta
"05-06-2026, 5:31:15 p. m.",21.07,58.47,1174,normal

timestamp,temperatura,humedad,gas,estado_alerta
"05-06-2026, 5:31:18 p. m.",21.08,58.54,1170,normal

timestamp,temperatura,humedad,gas,estado_alerta
"05-06-2026, 5:31:21 p. m.",21.07,58.61,1177,normal

timestamp,temperatura,humedad,gas,estado_alerta
"05-06-2026, 5:31:24 p. m.",21.06,58.67,1170,normal

timestamp,temperatura,humedad,gas,estado_alerta
"05-06-2026, 5:31:28 p. m.",21.08,58.7,1183,normal

timestamp,temperatura,humedad,gas,estado_alerta
"05-06-2026, 5:31:30 p. m.",21.08,58.62,1185,normal

timestamp,temperatura,humedad,gas,estado_alerta
"05-06-2026, 5:31:33 p. m.",21.07,58.53,1177,normal

timestamp,temperatura,humedad,gas,estado_alerta
"05-06-2026, 5:31:36 p. m.",21.08,58.41,1184,normal

timestamp,temperatura,humedad,gas,estado_alerta
"05-06-2026, 5:31:39 p. m.",21.1,58.35,1174,normal

timestamp,temperatura,humedad,gas,estado_alerta
"05-06-2026, 5:31:42 p. m.",21.08,58.29,1174,normal

timestamp,temperatura,humedad,gas,estado_alerta
"05-06-2026, 5:31:45 p. m.",21.08,58.28,1152,normal

timestamp,temperatura,humedad,gas,estado_alerta
"05-06-2026, 5:31:48 p. m.",21.1,58.29,1183,normal

timestamp,temperatura,humedad,gas,estado_alerta
"05-06-2026, 5:31:51 p. m.",21.1,58.34,1171,normal

timestamp,temperatura,humedad,gas,estado_alerta
"05-06-2026, 5:31:54 p. m.",21.08,58.29,1179,normal

timestamp,temperatura,humedad,gas,estado_alerta
"05-06-2026, 5:31:57 p. m.",21.11,58.28,1178,normal

timestamp,temperatura,humedad,gas,estado_alerta
"05-06-2026, 5:32:00 p. m.",21.1,58.23,1174,normal

timestamp,temperatura,humedad,gas,estado_alerta
"05-06-2026, 5:32:03 p. m.",21.1,58.19,1175,normal

timestamp,temperatura,humedad,gas,estado_alerta
"05-06-2026, 5:32:07 p. m.",21.1,58.15,1142,normal

timestamp,temperatura,humedad,gas,estado_alerta
"05-06-2026, 5:32:09 p. m.",21.1,58.06,1173,normal

timestamp,temperatura,humedad,gas,estado_alerta
"05-06-2026, 5:32:12 p. m.",21.11,57.96,1174,normal

timestamp,temperatura,humedad,gas,estado_alerta
"05-06-2026, 5:32:15 p. m.",21.1,57.95,1181,normal

timestamp,temperatura,humedad,gas,estado_alerta
"05-06-2026, 5:32:18 p. m.",21.1,57.94,1178,normal

timestamp,temperatura,humedad,gas,estado_alerta
"05-06-2026, 5:32:21 p. m.",21.08,57.95,1187,normal

timestamp,temperatura,humedad,gas,estado_alerta
"05-06-2026, 5:32:24 p. m.",21.11,58.08,1168,normal

timestamp,temperatura,humedad,gas,estado_alerta
"05-06-2026, 5:32:27 p. m.",21.1,58.17,1185,normal

timestamp,temperatura,humedad,gas,estado_alerta
"05-06-2026, 5:32:30 p. m.",21.11,58.29,1189,normal

timestamp,temperatura,humedad,gas,estado_alerta
"05-06-2026, 5:32:33 p. m.",21.11,58.34,1191,normal

timestamp,temperatura,humedad,gas,estado_alerta
"05-06-2026, 5:32:36 p. m.",21.11,58.43,1185,normal

timestamp,temperatura,humedad,gas,estado_alerta
"05-06-2026, 5:32:39 p. m.",21.1,58.52,1189,normal

timestamp,temperatura,humedad,gas,estado_alerta
"05-06-2026, 5:32:42 p. m.",21.1,58.57,1185,normal

timestamp,temperatura,humedad,gas,estado_alerta
"05-06-2026, 5:32:46 p. m.",21.1,58.54,1191,normal

timestamp,temperatura,humedad,gas,estado_alerta
"05-06-2026, 5:32:48 p. m.",21.1,58.52,1182,normal

timestamp,temperatura,humedad,gas,estado_alerta
"05-06-2026, 5:32:51 p. m.",21.08,58.52,1187,normal

timestamp,temperatura,humedad,gas,estado_alerta
"05-06-2026, 5:32:54 p. m.",21.11,58.48,1183,normal

timestamp,temperatura,humedad,gas,estado_alerta
"05-06-2026, 5:32:57 p. m.",21.1,58.44,1193,normal

timestamp,temperatura,humedad,gas,estado_alerta
"05-06-2026, 5:33:01 p. m.",21.11,58.35,1182,normal

timestamp,temperatura,humedad,gas,estado_alerta
"05-06-2026, 5:33:03 p. m.",21.11,58.46,1193,normal

timestamp,temperatura,humedad,gas,estado_alerta
"05-06-2026, 5:33:07 p. m.",21.11,58.67,1195,normal

timestamp,temperatura,humedad,gas,estado_alerta
"05-06-2026, 5:33:09 p. m.",21.11,58.9,1197,normal

timestamp,temperatura,humedad,gas,estado_alerta
"05-06-2026, 5:33:12 p. m.",21.12,58.87,1200,normal

timestamp,temperatura,humedad,gas,estado_alerta
"05-06-2026, 5:33:16 p. m.",21.11,58.92,1196,normal

timestamp,temperatura,humedad,gas,estado_alerta
"05-06-2026, 5:33:18 p. m.",21.14,59.03,1182,normal

timestamp,temperatura,humedad,gas,estado_alerta
"05-06-2026, 5:33:21 p. m.",21.12,59.17,1201,normal

timestamp,temperatura,humedad,gas,estado_alerta
"05-06-2026, 5:33:25 p. m.",21.12,59.21,1206,normal

timestamp,temperatura,humedad,gas,estado_alerta
"05-06-2026, 5:33:28 p. m.",21.11,59.23,1199,normal

timestamp,temperatura,humedad,gas,estado_alerta
"05-06-2026, 5:33:30 p. m.",21.11,59.22,1200,normal

timestamp,temperatura,humedad,gas,estado_alerta
"05-06-2026, 5:33:33 p. m.",21.12,59.2,1209,normal

timestamp,temperatura,humedad,gas,estado_alerta
"05-06-2026, 5:33:37 p. m.",21.14,59.14,1197,normal

timestamp,temperatura,humedad,gas,estado_alerta
"05-06-2026, 5:33:39 p. m.",21.14,58.97,1197,normal

timestamp,temperatura,humedad,gas,estado_alerta
"05-06-2026, 5:33:43 p. m.",21.14,58.85,1198,normal

timestamp,temperatura,humedad,gas,estado_alerta
"05-06-2026, 5:33:46 p. m.",21.12,58.67,1197,normal

timestamp,temperatura,humedad,gas,estado_alerta
"05-06-2026, 5:33:48 p. m.",21.14,58.53,1200,normal

timestamp,temperatura,humedad,gas,estado_alerta
"05-06-2026, 5:33:51 p. m.",21.14,58.49,1171,normal

timestamp,temperatura,humedad,gas,estado_alerta
"05-06-2026, 5:33:55 p. m.",21.14,58.29,1182,normal

timestamp,temperatura,humedad,gas,estado_alerta
"05-06-2026, 5:33:57 p. m.",21.14,58.14,1163,normal

timestamp,temperatura,humedad,gas,estado_alerta
"05-06-2026, 5:34:00 p. m.",21.14,58,1153,normal

timestamp,temperatura,humedad,gas,estado_alerta
"05-06-2026, 5:34:04 p. m.",21.14,57.98,1191,normal

timestamp,temperatura,humedad,gas,estado_alerta
"05-06-2026, 5:34:07 p. m.",21.14,58.2,1202,normal

timestamp,temperatura,humedad,gas,estado_alerta
"05-06-2026, 5:34:09 p. m.",21.14,58.35,1199,normal

timestamp,temperatura,humedad,gas,estado_alerta
"05-06-2026, 5:34:12 p. m.",21.15,58.49,1193,normal

timestamp,temperatura,humedad,gas,estado_alerta
"05-06-2026, 5:34:16 p. m.",21.15,58.63,1197,normal

timestamp,temperatura,humedad,gas,estado_alerta
"05-06-2026, 5:34:18 p. m.",21.11,58.66,1197,normal

timestamp,temperatura,humedad,gas,estado_alerta
"05-06-2026, 5:34:21 p. m.",21.14,58.66,1188,normal

timestamp,temperatura,humedad,gas,estado_alerta
"05-06-2026, 5:34:25 p. m.",21.15,58.54,1197,normal

timestamp,temperatura,humedad,gas,estado_alerta
"05-06-2026, 5:34:28 p. m.",21.15,58.45,1196,normal

timestamp,temperatura,humedad,gas,estado_alerta
"05-06-2026, 5:34:31 p. m.",21.15,58.3,1196,normal

timestamp,temperatura,humedad,gas,estado_alerta
"05-06-2026, 5:37:17 p. m.",21.15,55.88,1119,normal

timestamp,temperatura,humedad,gas,estado_alerta
"05-06-2026, 5:37:20 p. m.",21.2,55.89,1131,normal

timestamp,temperatura,humedad,gas,estado_alerta
"05-06-2026, 5:37:23 p. m.",21.18,55.89,1114,normal

timestamp,temperatura,humedad,gas,estado_alerta
"05-06-2026, 5:37:26 p. m.",21.18,55.86,1139,normal

timestamp,temperatura,humedad,gas,estado_alerta
"05-06-2026, 5:37:29 p. m.",21.18,55.98,1152,normal

timestamp,temperatura,humedad,gas,estado_alerta
"05-06-2026, 5:37:32 p. m.",21.17,56.01,1145,normal

timestamp,temperatura,humedad,gas,estado_alerta
"05-06-2026, 5:37:35 p. m.",21.17,56.07,1152,normal

timestamp,temperatura,humedad,gas,estado_alerta
"05-06-2026, 5:37:38 p. m.",21.18,56.12,1111,normal

timestamp,temperatura,humedad,gas,estado_alerta
"05-06-2026, 5:37:41 p. m.",21.17,56.18,1153,normal

timestamp,temperatura,humedad,gas,estado_alerta
"05-06-2026, 5:37:44 p. m.",21.2,56.22,1130,normal

timestamp,temperatura,humedad,gas,estado_alerta
"05-06-2026, 5:37:47 p. m.",21.18,56.17,1154,normal

timestamp,temperatura,humedad,gas,estado_alerta
"05-06-2026, 5:37:55 p. m.",21.17,56.1,1130,normal

timestamp,temperatura,humedad,gas,estado_alerta
"05-06-2026, 5:37:56 p. m.",21.18,56.11,1152,normal

timestamp,temperatura,humedad,gas,estado_alerta
"05-06-2026, 5:37:56 p. m.",21.18,56.13,1158,normal

timestamp,temperatura,humedad,gas,estado_alerta
"05-06-2026, 5:37:59 p. m.",21.2,56.19,1155,normal

timestamp,temperatura,humedad,gas,estado_alerta
"05-06-2026, 5:38:02 p. m.",21.17,56.17,1157,normal

timestamp,temperatura,humedad,gas,estado_alerta
"05-06-2026, 5:38:10 p. m.",21.15,56.03,1121,normal

timestamp,temperatura,humedad,gas,estado_alerta
"05-06-2026, 5:38:10 p. m.",21.17,55.94,1108,normal

timestamp,temperatura,humedad,gas,estado_alerta
"05-06-2026, 5:38:11 p. m.",21.17,55.88,1160,normal

timestamp,temperatura,humedad,gas,estado_alerta
"05-06-2026, 5:38:14 p. m.",21.2,55.9,1172,normal

timestamp,temperatura,humedad,gas,estado_alerta
"05-06-2026, 5:38:17 p. m.",21.18,55.96,1171,normal

timestamp,temperatura,humedad,gas,estado_alerta
"05-06-2026, 5:38:20 p. m.",21.18,56.05,1179,normal

timestamp,temperatura,humedad,gas,estado_alerta
"05-06-2026, 5:38:23 p. m.",21.17,56.19,1174,normal

timestamp,temperatura,humedad,gas,estado_alerta
"05-06-2026, 5:38:26 p. m.",21.17,56.25,1185,normal

timestamp,temperatura,humedad,gas,estado_alerta
"05-06-2026, 5:38:29 p. m.",21.18,56.27,1173,normal

timestamp,temperatura,humedad,gas,estado_alerta
"05-06-2026, 5:38:32 p. m.",21.18,56.31,1171,normal

timestamp,temperatura,humedad,gas,estado_alerta
"05-06-2026, 5:38:35 p. m.",21.18,56.35,1159,normal

timestamp,temperatura,humedad,gas,estado_alerta
"05-06-2026, 5:38:38 p. m.",21.17,56.5,1173,normal

timestamp,temperatura,humedad,gas,estado_alerta
"05-06-2026, 5:38:41 p. m.",21.14,56.62,1174,normal

timestamp,temperatura,humedad,gas,estado_alerta
"05-06-2026, 5:38:44 p. m.",21.2,56.68,1190,normal

timestamp,temperatura,humedad,gas,estado_alerta
"05-06-2026, 5:38:47 p. m.",21.18,56.8,1180,normal

timestamp,temperatura,humedad,gas,estado_alerta
"05-06-2026, 5:38:50 p. m.",21.18,56.91,1160,normal

timestamp,temperatura,humedad,gas,estado_alerta
"05-06-2026, 5:38:53 p. m.",21.18,57.06,1189,normal

timestamp,temperatura,humedad,gas,estado_alerta
"05-06-2026, 5:38:56 p. m.",21.18,57.22,1193,normal

timestamp,temperatura,humedad,gas,estado_alerta
"05-06-2026, 5:38:59 p. m.",21.2,57.29,1195,normal

timestamp,temperatura,humedad,gas,estado_alerta
"05-06-2026, 5:39:02 p. m.",21.2,57.39,1191,normal

timestamp,temperatura,humedad,gas,estado_alerta
"05-06-2026, 5:39:05 p. m.",21.2,57.39,1194,normal

timestamp,temperatura,humedad,gas,estado_alerta
"05-06-2026, 5:39:08 p. m.",21.2,57.38,1159,normal

timestamp,temperatura,humedad,gas,estado_alerta
"05-06-2026, 5:39:11 p. m.",21.18,57.37,1201,normal

timestamp,temperatura,humedad,gas,estado_alerta
"05-06-2026, 5:39:14 p. m.",21.2,57.44,1183,normal

timestamp,temperatura,humedad,gas,estado_alerta
"05-06-2026, 5:39:17 p. m.",21.2,57.6,1209,normal

timestamp,temperatura,humedad,gas,estado_alerta
"05-06-2026, 5:39:20 p. m.",21.18,57.76,1206,normal

timestamp,temperatura,humedad,gas,estado_alerta
"05-06-2026, 5:39:23 p. m.",21.21,57.81,1210,normal

timestamp,temperatura,humedad,gas,estado_alerta
"05-06-2026, 5:39:26 p. m.",21.2,57.86,1201,normal

timestamp,temperatura,humedad,gas,estado_alerta
"05-06-2026, 5:39:29 p. m.",21.2,57.86,1205,normal

timestamp,temperatura,humedad,gas,estado_alerta
"05-06-2026, 5:39:32 p. m.",21.2,57.94,1228,normal

timestamp,temperatura,humedad,gas,estado_alerta
"05-06-2026, 5:39:35 p. m.",21.18,57.95,1219,normal

timestamp,temperatura,humedad,gas,estado_alerta
"05-06-2026, 5:39:38 p. m.",21.18,57.98,1214,normal

timestamp,temperatura,humedad,gas,estado_alerta
"05-06-2026, 5:39:41 p. m.",21.18,57.94,1219,normal

timestamp,temperatura,humedad,gas,estado_alerta
"05-06-2026, 5:39:44 p. m.",21.18,57.95,1200,normal

timestamp,temperatura,humedad,gas,estado_alerta
"05-06-2026, 5:39:47 p. m.",21.15,57.88,1214,normal

timestamp,temperatura,humedad,gas,estado_alerta
"05-06-2026, 5:39:50 p. m.",21.2,57.8,1214,normal

timestamp,temperatura,humedad,gas,estado_alerta
"05-06-2026, 5:39:53 p. m.",21.17,57.7,1180,normal

timestamp,temperatura,humedad,gas,estado_alerta
"05-06-2026, 5:39:56 p. m.",21.18,57.43,1179,normal

timestamp,temperatura,humedad,gas,estado_alerta
"05-06-2026, 5:39:59 p. m.",21.18,57.14,1200,normal

timestamp,temperatura,humedad,gas,estado_alerta
"05-06-2026, 5:40:02 p. m.",21.18,56.94,1203,normal

timestamp,temperatura,humedad,gas,estado_alerta
"05-06-2026, 5:40:05 p. m.",21.2,56.82,1200,normal

timestamp,temperatura,humedad,gas,estado_alerta
"05-06-2026, 5:40:08 p. m.",21.2,56.79,1202,normal

timestamp,temperatura,humedad,gas,estado_alerta
"05-06-2026, 5:40:11 p. m.",21.18,56.76,1207,normal

timestamp,temperatura,humedad,gas,estado_alerta
"05-06-2026, 5:40:14 p. m.",21.2,56.9,1202,normal

timestamp,temperatura,humedad,gas,estado_alerta
"05-06-2026, 5:40:17 p. m.",21.2,56.97,1201,normal

timestamp,temperatura,humedad,gas,estado_alerta
"05-06-2026, 5:40:20 p. m.",21.17,57.12,1163,normal

timestamp,temperatura,humedad,gas,estado_alerta
"05-06-2026, 5:40:23 p. m.",21.18,57.16,1202,normal

timestamp,temperatura,humedad,gas,estado_alerta
"05-06-2026, 5:40:26 p. m.",21.2,57.18,1189,normal

timestamp,temperatura,humedad,gas,estado_alerta
"05-06-2026, 5:40:29 p. m.",21.2,57.08,1199,normal

timestamp,temperatura,humedad,gas,estado_alerta
"05-06-2026, 5:40:33 p. m.",21.2,56.86,1181,normal

timestamp,temperatura,humedad,gas,estado_alerta
"05-06-2026, 5:40:35 p. m.",21.2,56.96,1203,normal

timestamp,temperatura,humedad,gas,estado_alerta
"05-06-2026, 5:40:38 p. m.",21.2,57.2,1230,normal

timestamp,temperatura,humedad,gas,estado_alerta
"05-06-2026, 5:40:41 p. m.",21.2,57.25,1233,normal

timestamp,temperatura,humedad,gas,estado_alerta
"05-06-2026, 5:40:44 p. m.",21.2,57.19,1246,normal

timestamp,temperatura,humedad,gas,estado_alerta
"05-06-2026, 5:40:47 p. m.",21.21,57.03,1232,normal

timestamp,temperatura,humedad,gas,estado_alerta
"05-06-2026, 5:40:50 p. m.",21.18,56.81,1235,normal

timestamp,temperatura,humedad,gas,estado_alerta
"05-06-2026, 5:40:53 p. m.",21.23,56.65,1241,normal

timestamp,temperatura,humedad,gas,estado_alerta
"05-06-2026, 5:40:56 p. m.",21.2,56.44,1210,normal

timestamp,temperatura,humedad,gas,estado_alerta
"05-06-2026, 5:40:59 p. m.",21.2,56.42,1230,normal

timestamp,temperatura,humedad,gas,estado_alerta
"05-06-2026, 5:41:02 p. m.",21.21,56.44,1230,normal

timestamp,temperatura,humedad,gas,estado_alerta
"05-06-2026, 5:41:05 p. m.",21.2,56.41,1230,normal

timestamp,temperatura,humedad,gas,estado_alerta
"05-06-2026, 5:41:12 p. m.",21.18,56.29,1191,normal

timestamp,temperatura,humedad,gas,estado_alerta
"05-06-2026, 5:41:13 p. m.",21.2,56.12,1186,normal

timestamp,temperatura,humedad,gas,estado_alerta
"05-06-2026, 5:41:14 p. m.",21.21,56.12,1220,normal

timestamp,temperatura,humedad,gas,estado_alerta
"05-06-2026, 5:41:17 p. m.",21.2,56.17,1227,normal

timestamp,temperatura,humedad,gas,estado_alerta
"05-06-2026, 5:41:20 p. m.",21.23,56.17,1226,normal

timestamp,temperatura,humedad,gas,estado_alerta
"05-06-2026, 5:41:23 p. m.",21.21,56.21,1232,normal

timestamp,temperatura,humedad,gas,estado_alerta
"05-06-2026, 5:41:26 p. m.",21.2,56.15,1198,normal

timestamp,temperatura,humedad,gas,estado_alerta
"05-06-2026, 5:41:29 p. m.",21.2,56.08,1225,normal

timestamp,temperatura,humedad,gas,estado_alerta
"05-06-2026, 5:41:32 p. m.",21.21,56.04,1210,normal

timestamp,temperatura,humedad,gas,estado_alerta
"05-06-2026, 5:41:35 p. m.",21.21,56.04,1218,normal

timestamp,temperatura,humedad,gas,estado_alerta
"05-06-2026, 5:41:38 p. m.",21.21,56.03,1229,normal

timestamp,temperatura,humedad,gas,estado_alerta
"05-06-2026, 5:41:41 p. m.",21.21,56.05,1212,normal

timestamp,temperatura,humedad,gas,estado_alerta
"05-06-2026, 5:41:44 p. m.",21.21,56.09,1199,normal

timestamp,temperatura,humedad,gas,estado_alerta
"05-06-2026, 5:41:47 p. m.",21.2,56.1,1218,normal

timestamp,temperatura,humedad,gas,estado_alerta
"05-06-2026, 5:41:50 p. m.",21.18,56.03,1225,normal

timestamp,temperatura,humedad,gas,estado_alerta
"05-06-2026, 5:41:53 p. m.",21.23,55.97,1222,normal

timestamp,temperatura,humedad,gas,estado_alerta
"05-06-2026, 5:41:56 p. m.",21.2,55.92,1222,normal

timestamp,temperatura,humedad,gas,estado_alerta
"05-06-2026, 5:41:59 p. m.",21.23,55.89,1221,normal

timestamp,temperatura,humedad,gas,estado_alerta
"05-06-2026, 5:42:02 p. m.",21.21,55.85,1219,normal

timestamp,temperatura,humedad,gas,estado_alerta
"05-06-2026, 5:42:05 p. m.",21.21,55.9,1236,normal

timestamp,temperatura,humedad,gas,estado_alerta
"05-06-2026, 5:42:08 p. m.",21.21,55.88,1226,normal

timestamp,temperatura,humedad,gas,estado_alerta
"05-06-2026, 5:42:11 p. m.",21.23,55.94,1228,normal

timestamp,temperatura,humedad,gas,estado_alerta
"05-06-2026, 5:42:14 p. m.",21.24,55.98,1225,normal

timestamp,temperatura,humedad,gas,estado_alerta
"05-06-2026, 5:42:17 p. m.",21.2,56.13,1166,normal

timestamp,temperatura,humedad,gas,estado_alerta
"05-06-2026, 5:42:20 p. m.",21.24,56.17,1228,normal

timestamp,temperatura,humedad,gas,estado_alerta
"05-06-2026, 5:42:23 p. m.",21.21,56.21,1200,normal

timestamp,temperatura,humedad,gas,estado_alerta
"05-06-2026, 5:42:26 p. m.",21.23,56.22,1219,normal

timestamp,temperatura,humedad,gas,estado_alerta
"05-06-2026, 5:42:29 p. m.",21.21,56.13,1196,normal

timestamp,temperatura,humedad,gas,estado_alerta
"05-06-2026, 5:42:32 p. m.",21.21,56.1,1219,normal

timestamp,temperatura,humedad,gas,estado_alerta
"05-06-2026, 5:42:35 p. m.",21.21,55.96,1220,normal

timestamp,temperatura,humedad,gas,estado_alerta
"05-06-2026, 5:42:38 p. m.",21.23,55.77,1221,normal

timestamp,temperatura,humedad,gas,estado_alerta
"05-06-2026, 5:42:41 p. m.",21.23,55.69,1217,normal

timestamp,temperatura,humedad,gas,estado_alerta
"05-06-2026, 5:42:44 p. m.",21.21,55.64,1218,normal

timestamp,temperatura,humedad,gas,estado_alerta
"05-06-2026, 5:42:47 p. m.",21.25,55.63,1220,normal

timestamp,temperatura,humedad,gas,estado_alerta
"05-06-2026, 5:42:50 p. m.",21.24,55.61,1226,normal

timestamp,temperatura,humedad,gas,estado_alerta
"05-06-2026, 5:42:53 p. m.",21.23,55.55,1198,normal

timestamp,temperatura,humedad,gas,estado_alerta
"05-06-2026, 5:42:56 p. m.",21.24,55.58,1216,normal

timestamp,temperatura,humedad,gas,estado_alerta
"05-06-2026, 5:42:59 p. m.",21.23,55.62,1216,normal

timestamp,temperatura,humedad,gas,estado_alerta
"05-06-2026, 5:43:02 p. m.",21.24,55.58,1198,normal

timestamp,temperatura,humedad,gas,estado_alerta
"05-06-2026, 5:43:05 p. m.",21.24,55.52,1221,normal

timestamp,temperatura,humedad,gas,estado_alerta
"05-06-2026, 5:43:08 p. m.",21.24,55.55,1227,normal

timestamp,temperatura,humedad,gas,estado_alerta
"05-06-2026, 5:43:11 p. m.",21.27,55.57,1215,normal

timestamp,temperatura,humedad,gas,estado_alerta
"05-06-2026, 5:43:14 p. m.",21.23,55.52,1219,normal

timestamp,temperatura,humedad,gas,estado_alerta
"05-06-2026, 5:43:17 p. m.",21.25,55.47,1219,normal

timestamp,temperatura,humedad,gas,estado_alerta
"05-06-2026, 5:43:20 p. m.",21.21,55.45,1216,normal

timestamp,temperatura,humedad,gas,estado_alerta
"05-06-2026, 5:43:23 p. m.",21.23,55.43,1211,normal

timestamp,temperatura,humedad,gas,estado_alerta
"05-06-2026, 5:43:26 p. m.",21.23,55.36,1227,normal

timestamp,temperatura,humedad,gas,estado_alerta
"05-06-2026, 5:43:29 p. m.",21.25,55.38,1179,normal

timestamp,temperatura,humedad,gas,estado_alerta
"05-06-2026, 5:43:32 p. m.",21.25,55.42,1214,normal

timestamp,temperatura,humedad,gas,estado_alerta
"05-06-2026, 5:43:35 p. m.",21.23,55.39,1207,normal

timestamp,temperatura,humedad,gas,estado_alerta
"05-06-2026, 5:43:38 p. m.",21.24,55.31,1196,normal

timestamp,temperatura,humedad,gas,estado_alerta
"05-06-2026, 5:43:41 p. m.",21.24,55.3,1181,normal

timestamp,temperatura,humedad,gas,estado_alerta
"05-06-2026, 5:43:44 p. m.",21.24,55.34,1210,normal

timestamp,temperatura,humedad,gas,estado_alerta
"05-06-2026, 5:43:47 p. m.",21.25,55.35,1214,normal

timestamp,temperatura,humedad,gas,estado_alerta
"05-06-2026, 5:43:50 p. m.",21.24,55.32,1198,normal

timestamp,temperatura,humedad,gas,estado_alerta
"05-06-2026, 5:43:53 p. m.",21.23,55.29,1213,normal

timestamp,temperatura,humedad,gas,estado_alerta
"05-06-2026, 5:43:56 p. m.",21.25,55.24,1205,normal

timestamp,temperatura,humedad,gas,estado_alerta
"05-06-2026, 5:43:59 p. m.",21.24,55.45,1205,normal

timestamp,temperatura,humedad,gas,estado_alerta
"05-06-2026, 5:44:02 p. m.",21.24,56.53,1206,normal

timestamp,temperatura,humedad,gas,estado_alerta
"05-06-2026, 5:44:05 p. m.",21.25,57.95,1200,normal

timestamp,temperatura,humedad,gas,estado_alerta
"05-06-2026, 5:44:08 p. m.",21.25,58.45,1175,normal

timestamp,temperatura,humedad,gas,estado_alerta
"05-06-2026, 5:44:11 p. m.",21.23,58.7,1200,normal

timestamp,temperatura,humedad,gas,estado_alerta
"05-06-2026, 5:44:14 p. m.",21.27,58.34,1209,normal

timestamp,temperatura,humedad,gas,estado_alerta
"05-06-2026, 5:44:17 p. m.",21.25,57.54,1204,normal

timestamp,temperatura,humedad,gas,estado_alerta
"05-06-2026, 5:44:20 p. m.",21.24,56.79,1169,normal

timestamp,temperatura,humedad,gas,estado_alerta
"05-06-2026, 5:44:34 p. m.",21.28,56.22,1167,normal

timestamp,temperatura,humedad,gas,estado_alerta
"05-06-2026, 5:44:34 p. m.",21.27,55.87,1182,normal

timestamp,temperatura,humedad,gas,estado_alerta
"05-06-2026, 5:44:34 p. m.",21.25,55.67,1200,normal

timestamp,temperatura,humedad,gas,estado_alerta
"05-06-2026, 5:44:34 p. m.",21.27,55.63,1211,normal

timestamp,temperatura,humedad,gas,estado_alerta
"05-06-2026, 5:44:35 p. m.",21.25,55.59,1207,normal

timestamp,temperatura,humedad,gas,estado_alerta
"05-06-2026, 5:44:38 p. m.",21.25,55.58,1197,normal

timestamp,temperatura,humedad,gas,estado_alerta
"05-06-2026, 5:44:41 p. m.",21.25,55.54,1200,normal

timestamp,temperatura,humedad,gas,estado_alerta
"05-06-2026, 5:44:44 p. m.",21.25,55.58,1207,normal

timestamp,temperatura,humedad,gas,estado_alerta
"05-06-2026, 5:44:47 p. m.",21.25,55.67,1217,normal

timestamp,temperatura,humedad,gas,estado_alerta
"05-06-2026, 5:44:50 p. m.",21.27,55.79,1200,normal

timestamp,temperatura,humedad,gas,estado_alerta
"05-06-2026, 5:44:53 p. m.",21.25,55.93,1200,normal

timestamp,temperatura,humedad,gas,estado_alerta
"05-06-2026, 5:44:56 p. m.",21.27,56.04,1199,normal

timestamp,temperatura,humedad,gas,estado_alerta
"05-06-2026, 5:44:59 p. m.",21.25,56.12,1200,normal

timestamp,temperatura,humedad,gas,estado_alerta
"05-06-2026, 5:45:02 p. m.",21.27,56.15,1207,normal

timestamp,temperatura,humedad,gas,estado_alerta
"05-06-2026, 5:45:05 p. m.",21.27,56.2,1205,normal

timestamp,temperatura,humedad,gas,estado_alerta
"05-06-2026, 5:45:08 p. m.",21.27,56.08,1203,normal

timestamp,temperatura,humedad,gas,estado_alerta
"05-06-2026, 5:45:11 p. m.",21.28,55.96,1218,normal

timestamp,temperatura,humedad,gas,estado_alerta
"05-06-2026, 5:45:14 p. m.",21.24,55.94,1199,normal

timestamp,temperatura,humedad,gas,estado_alerta
"05-06-2026, 5:45:17 p. m.",21.27,56.03,1199,normal

timestamp,temperatura,humedad,gas,estado_alerta
"05-06-2026, 5:45:20 p. m.",21.27,56.23,1197,normal

timestamp,temperatura,humedad,gas,estado_alerta
"05-06-2026, 5:45:23 p. m.",21.28,56.33,1194,normal

timestamp,temperatura,humedad,gas,estado_alerta
"05-06-2026, 5:45:26 p. m.",21.28,56.43,1203,normal

timestamp,temperatura,humedad,gas,estado_alerta
"05-06-2026, 5:45:29 p. m.",21.27,56.48,1199,normal

timestamp,temperatura,humedad,gas,estado_alerta
"05-06-2026, 5:45:32 p. m.",21.25,56.56,1189,normal

timestamp,temperatura,humedad,gas,estado_alerta
"05-06-2026, 5:45:35 p. m.",21.25,56.59,1198,normal

timestamp,temperatura,humedad,gas,estado_alerta
"05-06-2026, 5:45:38 p. m.",21.25,56.66,1195,normal

timestamp,temperatura,humedad,gas,estado_alerta
"05-06-2026, 5:45:41 p. m.",21.27,56.74,1196,normal

timestamp,temperatura,humedad,gas,estado_alerta
"05-06-2026, 5:45:44 p. m.",21.27,56.8,1200,normal

timestamp,temperatura,humedad,gas,estado_alerta
"05-06-2026, 5:45:47 p. m.",21.27,56.88,1171,normal

timestamp,temperatura,humedad,gas,estado_alerta
"05-06-2026, 5:45:50 p. m.",21.25,56.91,1200,normal

timestamp,temperatura,humedad,gas,estado_alerta
"05-06-2026, 5:45:53 p. m.",21.27,56.91,1197,normal

timestamp,temperatura,humedad,gas,estado_alerta
"05-06-2026, 5:45:56 p. m.",21.25,56.87,1199,normal

timestamp,temperatura,humedad,gas,estado_alerta
"05-06-2026, 5:45:59 p. m.",21.27,56.82,1194,normal

timestamp,temperatura,humedad,gas,estado_alerta
"05-06-2026, 5:46:02 p. m.",21.24,56.76,1209,normal

timestamp,temperatura,humedad,gas,estado_alerta
"05-06-2026, 5:46:05 p. m.",21.25,56.79,1191,normal

timestamp,temperatura,humedad,gas,estado_alerta
"05-06-2026, 5:46:08 p. m.",21.27,56.84,1191,normal

timestamp,temperatura,humedad,gas,estado_alerta
"05-06-2026, 5:46:11 p. m.",21.25,56.88,1187,normal

timestamp,temperatura,humedad,gas,estado_alerta
"05-06-2026, 5:46:14 p. m.",21.25,56.9,1200,normal

timestamp,temperatura,humedad,gas,estado_alerta
"05-06-2026, 5:46:17 p. m.",21.25,56.94,1203,normal

timestamp,temperatura,humedad,gas,estado_alerta
"05-06-2026, 5:46:20 p. m.",21.25,56.97,1195,normal

timestamp,temperatura,humedad,gas,estado_alerta
"05-06-2026, 5:46:23 p. m.",21.25,56.96,1205,normal

timestamp,temperatura,humedad,gas,estado_alerta
"05-06-2026, 5:46:26 p. m.",21.25,56.97,1199,normal

timestamp,temperatura,humedad,gas,estado_alerta
"05-06-2026, 5:46:29 p. m.",21.25,56.96,1202,normal

timestamp,temperatura,humedad,gas,estado_alerta
"05-06-2026, 5:46:32 p. m.",21.27,56.95,1207,normal

timestamp,temperatura,humedad,gas,estado_alerta
"05-06-2026, 5:46:35 p. m.",21.27,56.99,1213,normal

timestamp,temperatura,humedad,gas,estado_alerta
"05-06-2026, 5:46:38 p. m.",21.3,56.98,1207,normal

timestamp,temperatura,humedad,gas,estado_alerta
"05-06-2026, 5:46:41 p. m.",21.28,57.03,1205,normal

timestamp,temperatura,humedad,gas,estado_alerta
"05-06-2026, 5:46:46 p. m.",21.25,57.06,1184,normal

timestamp,temperatura,humedad,gas,estado_alerta
"05-06-2026, 5:46:47 p. m.",21.27,57.03,1197,normal

timestamp,temperatura,humedad,gas,estado_alerta
"05-06-2026, 5:46:50 p. m.",21.25,57,1214,normal

timestamp,temperatura,humedad,gas,estado_alerta
"05-06-2026, 5:46:53 p. m.",21.24,56.98,1212,normal

timestamp,temperatura,humedad,gas,estado_alerta
"05-06-2026, 5:46:56 p. m.",21.27,56.97,1215,normal

timestamp,temperatura,humedad,gas,estado_alerta
"05-06-2026, 5:46:59 p. m.",21.25,56.94,1215,normal

timestamp,temperatura,humedad,gas,estado_alerta
"05-06-2026, 5:47:02 p. m.",21.27,56.97,1217,normal

timestamp,temperatura,humedad,gas,estado_alerta
"05-06-2026, 5:47:05 p. m.",21.27,57,1212,normal

timestamp,temperatura,humedad,gas,estado_alerta
"05-06-2026, 5:47:08 p. m.",21.25,57.01,1214,normal

timestamp,temperatura,humedad,gas,estado_alerta
"05-06-2026, 5:47:11 p. m.",21.25,57.04,1217,normal

timestamp,temperatura,humedad,gas,estado_alerta
"05-06-2026, 5:47:14 p. m.",21.25,57.05,1219,normal

timestamp,temperatura,humedad,gas,estado_alerta
"05-06-2026, 5:47:17 p. m.",21.28,57.08,1219,normal

timestamp,temperatura,humedad,gas,estado_alerta
"05-06-2026, 5:47:20 p. m.",21.28,57.09,1214,normal

timestamp,temperatura,humedad,gas,estado_alerta
"05-06-2026, 5:47:23 p. m.",21.25,57.09,1218,normal

timestamp,temperatura,humedad,gas,estado_alerta
"05-06-2026, 5:47:26 p. m.",21.25,57.09,1212,normal

timestamp,temperatura,humedad,gas,estado_alerta
"05-06-2026, 5:47:29 p. m.",21.27,57.05,1208,normal

timestamp,temperatura,humedad,gas,estado_alerta
"05-06-2026, 5:47:32 p. m.",21.25,56.97,1211,normal

timestamp,temperatura,humedad,gas,estado_alerta
"05-06-2026, 5:47:35 p. m.",21.27,56.98,1215,normal

timestamp,temperatura,humedad,gas,estado_alerta
"05-06-2026, 5:47:38 p. m.",21.27,56.99,1216,normal

timestamp,temperatura,humedad,gas,estado_alerta
"05-06-2026, 5:47:43 p. m.",21.25,57,1172,normal

timestamp,temperatura,humedad,gas,estado_alerta
"05-06-2026, 5:47:44 p. m.",21.25,57.08,1218,normal

timestamp,temperatura,humedad,gas,estado_alerta
"05-06-2026, 5:47:47 p. m.",21.25,57.1,1229,normal

timestamp,temperatura,humedad,gas,estado_alerta
"05-06-2026, 5:47:50 p. m.",21.27,57.16,1229,normal

timestamp,temperatura,humedad,gas,estado_alerta
"05-06-2026, 5:47:53 p. m.",21.24,57.18,1229,normal

timestamp,temperatura,humedad,gas,estado_alerta
"05-06-2026, 5:47:56 p. m.",21.25,57.23,1230,normal

timestamp,temperatura,humedad,gas,estado_alerta
"05-06-2026, 5:47:59 p. m.",21.25,57.24,1217,normal

timestamp,temperatura,humedad,gas,estado_alerta
"05-06-2026, 5:48:02 p. m.",21.28,57.24,1226,normal

timestamp,temperatura,humedad,gas,estado_alerta
"05-06-2026, 5:48:05 p. m.",21.28,57.31,1222,normal

timestamp,temperatura,humedad,gas,estado_alerta
"05-06-2026, 5:48:08 p. m.",21.27,57.3,1187,normal

timestamp,temperatura,humedad,gas,estado_alerta
"05-06-2026, 5:48:11 p. m.",21.27,57.29,1189,normal

timestamp,temperatura,humedad,gas,estado_alerta
"05-06-2026, 5:48:14 p. m.",21.25,57.31,1168,normal

timestamp,temperatura,humedad,gas,estado_alerta
"05-06-2026, 5:48:17 p. m.",21.27,57.25,1205,normal

timestamp,temperatura,humedad,gas,estado_alerta
"05-06-2026, 5:48:20 p. m.",21.27,57.11,1212,normal

timestamp,temperatura,humedad,gas,estado_alerta
"05-06-2026, 5:48:23 p. m.",21.27,56.97,1213,normal

timestamp,temperatura,humedad,gas,estado_alerta
"05-06-2026, 5:48:26 p. m.",21.28,56.74,1203,normal

timestamp,temperatura,humedad,gas,estado_alerta
"05-06-2026, 5:48:29 p. m.",21.25,56.66,1208,normal

timestamp,temperatura,humedad,gas,estado_alerta
"05-06-2026, 5:48:32 p. m.",21.24,56.63,1211,normal

timestamp,temperatura,humedad,gas,estado_alerta
"05-06-2026, 5:48:35 p. m.",21.3,56.6,1210,normal

timestamp,temperatura,humedad,gas,estado_alerta
"05-06-2026, 5:48:38 p. m.",21.27,56.62,1185,normal

timestamp,temperatura,humedad,gas,estado_alerta
"05-06-2026, 5:48:38 p. m.",21.27,56.65,1200,normal

timestamp,temperatura,humedad,gas,estado_alerta
"05-06-2026, 5:48:38 p. m.",21.25,56.77,1162,normal

